study_id,replsite,repltime,gradient,envt.factor,amt.added,parts.removed,pulse.press,removal.method,herb.excluded,plot.size,genus,species,neighbor.form,target.form,neighbor.stage,target.stage,target.source,num.targets,comm.type,productivity,stand.crop,totalN,rainfall,census.day,response.var,resp.var.units,mean_ctrl,mean_trt,RCI,ACI,lnRR,N_ctrl,N_trt,n.index,var.meas,var.ctrl,SD_ctrl,var.rem,SD_trt,var.rci,n.censuses,n.respvar,n.taxa,use
1,none     ,none ,exptl    ,ctrl           , ,all             ,press    ,pull     ,none        ,1,Ambrosia    ,artemisiifolia ,annual         ,annual         ,sdlg           ,sdlg           ,natural  ,9,weed            , ,275, , ,120,biomass  ,g/ind               ,3.75,30.4,0.877,26.65,2.093,10,5, ,         , ,, ,, ,1,1,4,yes
1,none     ,none ,exptl    ,nitrogen,80 g/m2  ,all             ,press    ,pull     ,none        ,1,Ambrosia    ,artemisiifolia ,annual         ,annual         ,sdlg           ,sdlg           ,natural  ,9,weed            , ,393, , ,120,biomass  ,g/ind               ,8.39,29.8,0.719,21.41,1.267,10,5, ,         , ,, ,, ,1,1,4,yes
1,none     ,none ,exptl    ,water, ,all             ,press    ,pull     ,none        ,1,Ambrosia    ,artemisiifolia ,annual         ,annual         ,sdlg           ,sdlg           ,natural  ,9,weed            , ,478, , ,120,biomass  ,g/ind               ,5.91,34.3,0.828,28.39,1.758,10,5, ,         , ,, ,, ,1,1,4,yes
1,none     ,none ,exptl    ,ctrl           , ,all             ,press    ,pull     ,none        ,1,Chenopodium ,album          ,annual         ,annual         ,sdlg           ,sdlg           ,natural  ,9,weed            , ,275, , ,120,biomass  ,g/ind               ,0.46,12,0.962,11.54,3.261,10,5, ,         , ,, ,, ,1,1,4,yes
1,none     ,none ,exptl    ,nitrogen,80 g/m2  ,all             ,press    ,pull     ,none        ,1,Chenopodium ,album          ,annual         ,annual         ,sdlg           ,sdlg           ,natural  ,9,weed            , ,393, , ,120,biomass  ,g/ind               ,0.67,10.4,0.936,9.73,2.742,10,5, ,         , ,, ,, ,1,1,4,yes
1,none     ,none ,exptl    ,water, ,all             ,press    ,pull     ,none        ,1,Chenopodium ,album          ,annual         ,annual         ,sdlg           ,sdlg           ,natural  ,9,weed            , ,478, , ,120,biomass  ,g/ind               ,0.86,15.6,0.945,14.74,2.898,10,5, ,         , ,, ,, ,1,1,4,yes
1,none     ,none ,exptl    ,ctrl           , ,all             ,press    ,pull     ,none        ,1,Lepidium    ,campestre      ,annual         ,annual         ,sdlg           ,sdlg           ,natural  ,9,weed            , ,275, , ,120,biomass  ,g/ind               ,0.12,1.57,0.924,1.45,2.571,10,5, ,         , ,, ,, ,1,1,4,yes
1,none     ,none ,exptl    ,nitrogen,80 g/m2  ,all             ,press    ,pull     ,none        ,1,Lepidium    ,campestre      ,annual         ,annual         ,sdlg           ,sdlg           ,natural  ,9,weed            , ,393, , ,120,biomass  ,g/ind               ,0.16,2.18,0.927,2.02,2.612,10,5, ,         , ,, ,, ,1,1,4,yes
1,none     ,none ,exptl    ,water, ,all             ,press    ,pull     ,none        ,1,Lepidium    ,campestre      ,annual         ,annual         ,sdlg           ,sdlg           ,natural  ,9,weed            , ,478, , ,120,biomass  ,g/ind               ,0.11,2.07,0.947,1.96,2.935,10,5, ,         , ,, ,, ,1,1,4,yes
1,none     ,none ,exptl    ,ctrl           , ,all             ,press    ,pull     ,none        ,1,Panicum     ,capillare      ,annual         ,annual         ,sdlg           ,sdlg           ,natural  ,9,weed            , ,275, , ,120,biomass  ,g/ind               ,0.22,7.75,0.972,7.53,3.562,10,5, ,         , ,, ,, ,1,1,4,yes
1,none     ,none ,exptl    ,nitrogen,80 g/m2  ,all             ,press    ,pull     ,none        ,1,Panicum     ,capillare      ,annual         ,annual         ,sdlg           ,sdlg           ,natural  ,9,weed            , ,393, , ,120,biomass  ,g/ind               ,0.15,8.15,0.982,8,3.995,10,5, ,         , ,, ,, ,1,1,4,yes
1,none     ,none ,exptl    ,water, ,all             ,press    ,pull     ,none        ,1,Panicum     ,capillare      ,annual         ,annual         ,sdlg           ,sdlg           ,natural  ,9,weed            , ,478, , ,120,biomass  ,g/ind               ,0.16,7.55,0.979,7.39,3.854,10,5, ,         , ,, ,, ,1,1,4,yes
4,none     ,none ,natural  ,soil depth     ,         ,all             ,once     ,herb     ,none        , ,Trichostema ,brachiatum     ,herb-ann       ,annual         ,adult          ,sdlg           ,transpl  ,1,lowherb         , ,1.13, , ,87,biomass  ,g/ind               , , ,-0.415, ,-0.347, , ,1,         , ,, ,, ,1,1,1,yes
4,none     ,none ,natural  ,soil depth     ,         ,all             ,once     ,herb     ,none        , ,Trichostema ,brachiatum     ,herb-ann       ,annual         ,adult          ,sdlg           ,transpl  ,1,lowherb         , ,2.81, , ,87,biomass  ,g/ind               , , ,-0.732, ,-0.549, , ,1,         , ,, ,, ,1,1,1,yes
4,none     ,none ,natural  ,soil depth     ,         ,all             ,once     ,herb     ,none        , ,Trichostema ,brachiatum     ,herb-ann       ,annual         ,adult          ,sdlg           ,transpl  ,1,lowherb         , ,6.19, , ,87,biomass  ,g/ind               , , ,-1.537, ,-0.931, , ,1,         , ,, ,, ,1,1,1,yes
4,none     ,none ,natural  ,soil depth     ,         ,all             ,once     ,herb     ,none        , ,Trichostema ,brachiatum     ,herb-ann       ,annual         ,adult          ,sdlg           ,transpl  ,1,lowherb         , ,6.75, , ,87,biomass  ,g/ind               , , ,0.098, ,0.103, , ,1,         , ,, ,, ,1,1,1,yes
4,none     ,none ,natural  ,soil depth     ,         ,all             ,once     ,herb     ,none        , ,Trichostema ,brachiatum     ,herb-ann       ,annual         ,adult          ,sdlg           ,transpl  ,1,lowherb         , ,7.69, , ,87,biomass  ,g/ind               , , ,0.805, ,1.634, , ,1,         , ,, ,, ,1,1,1,yes
4,none     ,none ,natural  ,soil depth     ,         ,all             ,once     ,herb     ,none        , ,Trichostema ,brachiatum     ,herb-ann       ,annual         ,adult          ,sdlg           ,transpl  ,1,lowherb         , ,9.94, , ,87,biomass  ,g/ind               , , ,0.976, ,3.713, , ,1,         , ,, ,, ,1,1,1,yes
4,none     ,none ,natural  ,soil depth     ,         ,all             ,once     ,herb     ,none        , ,Trichostema ,brachiatum     ,herb-ann       ,annual         ,adult          ,sdlg           ,transpl  ,1,lowherb         , ,11.63, , ,87,biomass  ,g/ind               , , ,0.927, ,2.615, , ,1,         , ,, ,, ,1,1,1,yes
4,none     ,none ,natural  ,soil depth     ,         ,all             ,once     ,herb     ,none        , ,Trichostema ,brachiatum     ,herb-ann       ,annual         ,adult          ,sdlg           ,transpl  ,1,lowherb         , ,14.25, , ,87,biomass  ,g/ind               , , ,-0.659, ,-0.506, , ,1,         , ,, ,, ,1,1,1,yes
4,none     ,none ,natural  ,soil depth     ,         ,all             ,once     ,herb     ,none        , ,Trichostema ,brachiatum     ,herb-ann       ,annual         ,adult          ,sdlg           ,transpl  ,1,lowherb         , ,16.13, , ,87,biomass  ,g/ind               , , ,0.439, ,0.578, , ,1,         , ,, ,, ,1,1,1,yes
4,none     ,none ,natural  ,soil depth     ,         ,all             ,once     ,herb     ,none        , ,Trichostema ,brachiatum     ,herb-ann       ,annual         ,adult          ,sdlg           ,transpl  ,1,lowherb         , ,17.81, , ,87,biomass  ,g/ind               , , ,0.951, ,3.02, , ,1,         , ,, ,, ,1,1,1,yes
4,none     ,none ,natural  ,soil depth     ,         ,all             ,once     ,herb     ,none        , ,Trichostema ,brachiatum     ,herb-ann       ,annual         ,adult          ,sdlg           ,transpl  ,1,lowherb         , ,20.25, , ,87,biomass  ,g/ind               , , ,0.073, ,0.076, , ,1,         , ,, ,, ,1,1,1,yes
4,none     ,none ,natural  ,soil depth     ,         ,all             ,once     ,herb     ,none        , ,Trichostema ,brachiatum     ,herb-ann       ,annual         ,adult          ,sdlg           ,transpl  ,1,lowherb         , ,20.81, , ,87,biomass  ,g/ind               , , ,0.659, ,1.074, , ,1,         , ,, ,, ,1,1,1,yes
4,none     ,none ,natural  ,soil depth     ,         ,all             ,once     ,herb     ,none        , ,Trichostema ,brachiatum     ,herb-ann       ,annual         ,adult          ,sdlg           ,transpl  ,1,lowherb         , ,22.13, , ,87,biomass  ,g/ind               , , ,0.829, ,1.768, , ,1,         , ,, ,, ,1,1,1,yes
4,none     ,none ,natural  ,soil depth     ,         ,all             ,once     ,herb     ,none        , ,Trichostema ,brachiatum     ,herb-ann       ,annual         ,adult          ,sdlg           ,transpl  ,1,lowherb         , ,24.94, , ,87,biomass  ,g/ind               , , ,-2.244, ,-1.177, , ,1,         , ,, ,, ,1,1,1,yes
4,none     ,none ,natural  ,soil depth     ,         ,all             ,once     ,herb     ,none        , ,Trichostema ,brachiatum     ,herb-ann       ,annual         ,adult          ,sdlg           ,transpl  ,1,lowherb         , ,25.31, , ,87,biomass  ,g/ind               , , ,0.951, ,3.02, , ,1,         , ,, ,, ,1,1,1,yes
4,none     ,none ,natural  ,soil depth     ,         ,all             ,once     ,herb     ,none        , ,Trichostema ,brachiatum     ,herb-ann       ,annual         ,adult          ,sdlg           ,transpl  ,1,lowherb         , ,26.25, , ,87,biomass  ,g/ind               , , ,0.878, ,2.104, , ,1,         , ,, ,, ,1,1,1,yes
4,none     ,none ,natural  ,soil depth     ,         ,all             ,once     ,herb     ,none        , ,Trichostema ,brachiatum     ,herb-ann       ,annual         ,adult          ,sdlg           ,transpl  ,1,lowherb         , ,34.13, , ,87,biomass  ,g/ind               , , ,0.829, ,1.768, , ,1,         , ,, ,, ,1,1,1,yes
4,none     ,none ,natural  ,soil depth     ,         ,all             ,once     ,herb     ,none        , ,Trichostema ,brachiatum     ,herb-ann       ,annual         ,adult          ,sdlg           ,transpl  ,1,lowherb         , ,34.69, , ,87,biomass  ,g/ind               , , ,0.805, ,1.634, , ,1,         , ,, ,, ,1,1,1,yes
5.1,none     ,none ,none     ,none           ,         ,canopy          ,once     ,clip     ,large       ,4,Alnus       ,tenuifolia     ,herb-tree      ,tree           ,adult          ,sdlg           ,transpl  ,4,forest          , ,63, , ,790,biomass  ,g/ind               ,0.056,0.383,0.853,0.19,1.918,4,1, ,SE       ,0.03,0.06, ,, ,1,1,3,no 
5.1,none     ,none ,none     ,none           ,         ,canopy          ,once     ,clip     ,large       ,4,Picea       ,glauca         ,herb-tree      ,tree           ,adult          ,sdlg           ,transpl  ,4,forest          , ,63, , ,790,biomass  ,g/ind               ,0.85,1.275,0.333,0.425,0.405,5,1, ,SE       ,0.07,0.156524758, ,, ,1,1,3,no 
5.1,none     ,none ,none     ,none           ,         ,canopy          ,once     ,clip     ,large       ,4,Populus     ,balsamifera    ,herb-tree      ,tree           ,adult          ,sdlg           ,transpl  ,4,forest          , ,63, , ,790,biomass  ,g/ind               ,0.1,0.83,0.88,0.73,2.116,14,1, ,SE       ,0.06,0.224499443, ,, ,1,1,3,no 
5.2,none     ,none ,none     ,none           ,         ,root            ,press    ,trench   ,none        ,4,Picea       ,glauca         ,herb-tree      ,tree           ,adult          ,sdlg           ,natural  ,1000,forest          , ,63, , ,730,biomass  ,g/ind               ,0.85,2.465,0.655,1.615,1.065,5,1, ,         , ,, ,, ,1,1,1,no 
8,none     ,yr1  ,nat-exptl,slope-ctrl     ,0 mm     ,all             ,once     ,pull     ,none        ,1,Stipa       ,capensis       ,annual         ,annual         ,sdlg           ,sdlg           ,natural  ,1,desert          , ,0.1, ,60,150,seeds    ,seeds/ind           ,3,2.6,-0.154,-0.4,-0.143,18,22, ,SE       ,0.7,2.969848481,0.5,2.34520788, ,1,4,1,no 
8,none     ,yr1  ,nat-exptl,slope+w        ,30 mm    ,all             ,once     ,pull     ,none        ,1,Stipa       ,capensis       ,annual         ,annual         ,sdlg           ,sdlg           ,natural  ,1,desert          , ,3, ,90,150,seeds    ,seeds/ind           ,26.6,342,0.922,315.4,2.554,28,26, ,SE       ,4.6,24.34091206,4.7,23.96539171, ,1,4,1,no 
8,none     ,yr1  ,nat-exptl,slope+w        ,80 mm    ,all             ,once     ,pull     ,none        ,1,Stipa       ,capensis       ,annual         ,annual         ,sdlg           ,sdlg           ,natural  ,1,desert          , ,14.7, ,140,150,seeds    ,seeds/ind           ,50.1,132.5,0.622,82.4,0.973,28,31, ,SE       ,6.4,33.86561678,19.4,108.0146286, ,1,4,1,no 
8,none     ,yr1  ,nat-exptl,depr-ctrl      ,0 mm     ,all             ,once     ,pull     ,none        ,1,Stipa       ,capensis       ,annual         ,annual         ,sdlg           ,sdlg           ,natural  ,1,desert          , ,26.5, ,60,150,seeds    ,seeds/ind           ,8.9,24.7,0.64,15.8,1.021,29,30, ,SE       ,1.7,9.154780172,3.8,20.81345719, ,1,4,1,no 
8,none     ,yr1  ,nat-exptl,depr+w         ,30 mm    ,all             ,once     ,pull     ,none        ,1,Stipa       ,capensis       ,annual         ,annual         ,sdlg           ,sdlg           ,natural  ,1,desert          , ,87.9, ,90,150,seeds    ,seeds/ind           ,17,117.7,0.856,100.7,1.935,24,29, ,SE       ,2.9,14.20704051,14.8,79.70043915, ,1,4,1,no 
8,none     ,yr1  ,nat-exptl,depr+w         ,80 mm    ,all             ,once     ,pull     ,none        ,1,Stipa       ,capensis       ,annual         ,annual         ,sdlg           ,sdlg           ,natural  ,1,desert          , ,176.5, ,140,150,seeds    ,seeds/ind           ,25.9,343.4,0.925,317.5,2.585,29,31, ,SE       ,6.2,33.3880218,54.1,301.216052, ,1,4,1,no 
8,none     ,yr1  ,nat-exptl,wadi-ctrl      ,0 mm     ,all             ,once     ,pull     ,none        ,1,Stipa       ,capensis       ,annual         ,annual         ,sdlg           ,sdlg           ,natural  ,1,desert          , ,429.4, ,60,150,seeds    ,seeds/ind           ,16.9,464.3,0.964,447.4,3.313,55,63, ,SE       ,2.9,21.50697561,34.5,273.8352607, ,1,4,1,no 
8,none     ,yr1  ,nat-exptl,wadi+w         ,30 mm    ,all             ,once     ,pull     ,none        ,1,Stipa       ,capensis       ,annual         ,annual         ,sdlg           ,sdlg           ,natural  ,1,desert          , ,579.7, ,90,150,seeds    ,seeds/ind           ,13.6,975.5,0.986,961.9,4.273,29,30, ,SE       ,2.4,12.92439554,88.2,483.0912957, ,1,4,1,no 
8,none     ,yr1  ,nat-exptl,wadi+w         ,80 mm    ,all             ,once     ,pull     ,none        ,1,Stipa       ,capensis       ,annual         ,annual         ,sdlg           ,sdlg           ,natural  ,1,desert          , ,777.5, ,140,150,seeds    ,seeds/ind           ,17.8,1514.7,0.988,1496.9,4.444,31,30, ,SE       ,2.8,15.58974022,158.6,868.6879762, ,1,4,1,no 
8,none     ,yr2  ,nat-exptl,slope          ,0 mm     ,all             ,once     ,pull     ,none        ,1,Stipa       ,capensis       ,annual         ,annual         ,sdlg           ,sdlg           ,natural  ,1,desert          , ,0.1, ,82,150,seeds    ,seeds/ind           ,17.8,45.5,0.609,27.7,0.939,29,13, ,SE       ,3.9,21.00214275,5.8,20.9121974, ,1,4,1,no 
8,none     ,yr2  ,nat-exptl,depr           ,0 mm     ,all             ,once     ,pull     ,none        ,1,Stipa       ,capensis       ,annual         ,annual         ,sdlg           ,sdlg           ,natural  ,1,desert          , ,26.5, ,82,150,seeds    ,seeds/ind           ,22.9,160.9,0.858,138,1.95,29,15, ,SE       ,3.7,19.92510979,25.7,99.535672, ,1,4,1,no 
8,none     ,yr2  ,nat-exptl,wadi           ,0 mm     ,all             ,once     ,pull     ,none        ,1,Stipa       ,capensis       ,annual         ,annual         ,sdlg           ,sdlg           ,natural  ,1,desert          , ,429.4, ,82,150,seeds    ,seeds/ind           ,9.7,597.9,0.984,588.2,4.121,27,15, ,SE       ,1.6,8.313843876,96.8,374.9047879, ,1,4,1,no 
9,none     ,yr1  ,natural  ,none           ,         ,all             ,press    ,h-tr-c-s ,small       ,4,Acer        ,rubrum         ,herb-shrub     ,tree           ,adult          ,sdlg           ,transpl  ,9,grass           , ,172, , ,540,biomass  ,g/ind               , , ,0.97, ,3.51,2,2, ,         , ,, ,, ,1,2,6,no 
9,none     ,yr1  ,natural  ,none           ,         ,all             ,press    ,h-tr-c-s ,small       ,4,Acer        ,rubrum         ,herb-shrub     ,tree           ,adult          ,sdlg           ,transpl  ,9,grass           , ,183, , ,540,biomass  ,g/ind               , , ,0.984, ,4.154,2,2, ,         , ,, ,, ,1,2,6,no 
9,none     ,yr1  ,natural  ,none           ,         ,all             ,press    ,h-tr-c-s ,small       ,4,Acer        ,rubrum         ,herb-shrub     ,tree           ,adult          ,sdlg           ,transpl  ,9,grass           , ,183, , ,540,biomass  ,g/ind               , , ,0.968, ,3.442,2,2, ,         , ,, ,, ,1,2,6,no 
9,none     ,yr1  ,natural  ,none           ,         ,all             ,press    ,h-tr-c-s ,small       ,4,Acer        ,rubrum         ,herb-shrub     ,tree           ,adult          ,sdlg           ,transpl  ,9,grass           , ,212, , ,540,biomass  ,g/ind               , , ,0.966, ,3.384,2,2, ,         , ,, ,, ,1,2,6,no 
9,none     ,yr1  ,natural  ,none           ,         ,all             ,press    ,h-tr-c-s ,small       ,4,Acer        ,rubrum         ,herb-shrub     ,tree           ,adult          ,sdlg           ,transpl  ,9,grass           , ,260, , ,540,biomass  ,g/ind               , , ,0.968, ,3.433,2,2, ,         , ,, ,, ,1,2,6,no 
9,none     ,yr1  ,natural  ,none           ,         ,all             ,press    ,h-tr-c-s ,small       ,4,Acer        ,rubrum         ,herb-shrub     ,tree           ,adult          ,sdlg           ,transpl  ,9,grass           , ,260, , ,540,biomass  ,g/ind               , , ,0.981, ,3.937,2,2, ,         , ,, ,, ,1,2,6,no 
9,none     ,yr1  ,natural  ,none           ,         ,all             ,press    ,h-tr-c-s ,small       ,4,Acer        ,rubrum         ,herb-shrub     ,tree           ,adult          ,sdlg           ,transpl  ,9,grass           , ,307, , ,540,biomass  ,g/ind               , , ,0.957, ,3.135,2,2, ,         , ,, ,, ,1,2,6,no 
9,none     ,yr1  ,natural  ,none           ,         ,all             ,press    ,h-tr-c-s ,small       ,4,Acer        ,rubrum         ,herb-shrub     ,tree           ,adult          ,sdlg           ,transpl  ,9,grass           , ,312, , ,540,biomass  ,g/ind               , , ,0.842, ,1.848,2,2, ,         , ,, ,, ,1,2,6,no 
9,none     ,yr1  ,natural  ,none           ,         ,all             ,press    ,h-tr-c-s ,small       ,4,Acer        ,rubrum         ,herb-shrub     ,tree           ,adult          ,sdlg           ,transpl  ,9,grass           , ,340, , ,540,biomass  ,g/ind               , , ,0.901, ,2.316,2,2, ,         , ,, ,, ,1,2,6,no 
9,none     ,yr1  ,natural  ,none           ,         ,all             ,press    ,h-tr-c-s ,small       ,4,Acer        ,rubrum         ,herb-shrub     ,tree           ,adult          ,sdlg           ,transpl  ,9,grass           , ,369, , ,540,biomass  ,g/ind               , , ,0.995, ,5.298,2,2, ,         , ,, ,, ,1,2,6,no 
9,none     ,yr1  ,natural  ,none           ,         ,all             ,press    ,h-tr-c-s ,small       ,4,Acer        ,rubrum         ,herb-shrub     ,tree           ,adult          ,sdlg           ,transpl  ,9,grass           , ,422, , ,540,biomass  ,g/ind               , , ,0.97, ,3.517,2,2, ,         , ,, ,, ,1,2,6,no 
9,none     ,yr1  ,natural  ,none           ,         ,all             ,press    ,h-tr-c-s ,small       ,4,Acer        ,rubrum         ,herb-shrub     ,tree           ,adult          ,sdlg           ,transpl  ,9,grass           , ,467, , ,540,biomass  ,g/ind               , , ,0.971, ,3.547,2,2, ,         , ,, ,, ,1,2,6,no 
9,none     ,yr1  ,natural  ,none           ,         ,all             ,press    ,h-tr-c-s ,small       ,4,Acer        ,rubrum         ,herb-shrub     ,tree           ,adult          ,sdlg           ,transpl  ,9,grass           , ,508, , ,540,biomass  ,g/ind               , , ,0.981, ,3.937,2,2, ,         , ,, ,, ,1,2,6,no 
9,none     ,yr1  ,natural  ,none           ,         ,all             ,press    ,h-tr-c-s ,small       ,4,Acer        ,rubrum         ,herb-shrub     ,tree           ,adult          ,sdlg           ,transpl  ,9,grass           , ,512, , ,540,biomass  ,g/ind               , , ,0.947, ,2.941,2,2, ,         , ,, ,, ,1,2,6,no 
9,none     ,yr1  ,natural  ,none           ,         ,all             ,press    ,h-tr-c-s ,small       ,4,Acer        ,rubrum         ,herb-shrub     ,tree           ,adult          ,sdlg           ,transpl  ,9,grass           , ,652, , ,540,biomass  ,g/ind               , , ,0.916, ,2.471,2,2, ,         , ,, ,, ,1,2,6,no 
9,none     ,yr1  ,natural  ,none           ,         ,all             ,press    ,h-tr-c-s ,small       ,4,Acer        ,rubrum         ,herb-shrub     ,tree           ,adult          ,sdlg           ,transpl  ,9,grass           , ,1495, , ,540,biomass  ,g/ind               , , ,0.919, ,2.507,2,2, ,         , ,, ,, ,1,2,6,no 
9,none     ,yr1  ,natural  ,none           ,         ,all             ,press    ,h-tr-c-s ,small       ,4,Acer        ,rubrum         ,herb-shrub     ,tree           ,adult          ,sdlg           ,transpl  ,9,grass           , ,3149, , ,540,biomass  ,g/ind               , , ,0.963, ,3.286,2,2, ,         , ,, ,, ,1,2,6,no 
9,none     ,yr1  ,natural  ,none           ,         ,all             ,press    ,h-tr-c-s ,small       ,4,Acer        ,rubrum         ,herb-shrub     ,tree           ,adult          ,sdlg           ,transpl  ,9,grass           , ,5292, , ,540,biomass  ,g/ind               , , ,0.989, ,4.547,2,2, ,         , ,, ,, ,1,2,6,no 
9,none     ,yr1  ,natural  ,none           ,         ,all             ,press    ,h-tr-c-s ,small       ,4,Acer        ,rubrum         ,herb-shrub     ,tree           ,adult          ,sdlg           ,transpl  ,9,grass           , ,5472, , ,540,biomass  ,g/ind               , , ,0.985, ,4.213,2,2, ,         , ,, ,, ,1,2,6,no 
9,none     ,yr1  ,natural  ,none           ,         ,all             ,press    ,h-tr-c-s ,small       ,4,Acer        ,rubrum         ,herb-shrub     ,tree           ,adult          ,sdlg           ,transpl  ,9,grass           , ,8746, , ,540,biomass  ,g/ind               , , ,0.995, ,5.279,2,2, ,         , ,, ,, ,1,2,6,no 
9,none     ,yr1  ,natural  ,none           ,         ,all             ,press    ,h-tr-c-s ,small       ,4,Acer        ,rubrum         ,herb-shrub     ,tree           ,adult          ,sdlg           ,transpl  ,9,grass           , ,13746, , ,540,biomass  ,g/ind               , , ,0.998, ,6.32,2,2, ,         , ,, ,, ,1,2,6,no 
9,none     ,yr1  ,natural  ,none           ,         ,all             ,press    ,h-tr-c-s ,small       ,4,Acer        ,saccharum      ,herb-shrub     ,tree           ,adult          ,sdlg           ,transpl  ,9,grass           , ,174, , ,540,biomass  ,g/ind               , , ,0.761, ,1.43,2,2, ,         , ,, ,, ,1,2,6,no 
9,none     ,yr1  ,natural  ,none           ,         ,all             ,press    ,h-tr-c-s ,small       ,4,Acer        ,saccharum      ,herb-shrub     ,tree           ,adult          ,sdlg           ,transpl  ,9,grass           , ,183, , ,540,biomass  ,g/ind               , , ,0.808, ,1.65,2,2, ,         , ,, ,, ,1,2,6,no 
9,none     ,yr1  ,natural  ,none           ,         ,all             ,press    ,h-tr-c-s ,small       ,4,Acer        ,saccharum      ,herb-shrub     ,tree           ,adult          ,sdlg           ,transpl  ,9,grass           , ,255, , ,540,biomass  ,g/ind               , , ,0.755, ,1.406,2,2, ,         , ,, ,, ,1,2,6,no 
9,none     ,yr1  ,natural  ,none           ,         ,all             ,press    ,h-tr-c-s ,small       ,4,Acer        ,saccharum      ,herb-shrub     ,tree           ,adult          ,sdlg           ,transpl  ,9,grass           , ,307, , ,540,biomass  ,g/ind               , , ,0.586, ,0.881,2,2, ,         , ,, ,, ,1,2,6,no 
9,none     ,yr1  ,natural  ,none           ,         ,all             ,press    ,h-tr-c-s ,small       ,4,Acer        ,saccharum      ,herb-shrub     ,tree           ,adult          ,sdlg           ,transpl  ,9,grass           , ,312, , ,540,biomass  ,g/ind               , , ,0.445, ,0.588,2,2, ,         , ,, ,, ,1,2,6,no 
9,none     ,yr1  ,natural  ,none           ,         ,all             ,press    ,h-tr-c-s ,small       ,4,Acer        ,saccharum      ,herb-shrub     ,tree           ,adult          ,sdlg           ,transpl  ,9,grass           , ,342, , ,540,biomass  ,g/ind               , , ,0.945, ,2.902,2,2, ,         , ,, ,, ,1,2,6,no 
9,none     ,yr1  ,natural  ,none           ,         ,all             ,press    ,h-tr-c-s ,small       ,4,Acer        ,saccharum      ,herb-shrub     ,tree           ,adult          ,sdlg           ,transpl  ,9,grass           , ,369, , ,540,biomass  ,g/ind               , , ,0.882, ,2.134,2,2, ,         , ,, ,, ,1,2,6,no 
9,none     ,yr1  ,natural  ,none           ,         ,all             ,press    ,h-tr-c-s ,small       ,4,Acer        ,saccharum      ,herb-shrub     ,tree           ,adult          ,sdlg           ,transpl  ,9,grass           , ,415, , ,540,biomass  ,g/ind               , , ,-0.014, ,-0.014,2,2, ,         , ,, ,, ,1,2,6,no 
9,none     ,yr1  ,natural  ,none           ,         ,all             ,press    ,h-tr-c-s ,small       ,4,Acer        ,saccharum      ,herb-shrub     ,tree           ,adult          ,sdlg           ,transpl  ,9,grass           , ,459, , ,540,biomass  ,g/ind               , , ,0.362, ,0.45,2,2, ,         , ,, ,, ,1,2,6,no 
9,none     ,yr1  ,natural  ,none           ,         ,all             ,press    ,h-tr-c-s ,small       ,4,Acer        ,saccharum      ,herb-shrub     ,tree           ,adult          ,sdlg           ,transpl  ,9,grass           , ,503, , ,540,biomass  ,g/ind               , , ,0.192, ,0.213,2,2, ,         , ,, ,, ,1,2,6,no 
9,none     ,yr1  ,natural  ,none           ,         ,all             ,press    ,h-tr-c-s ,small       ,4,Acer        ,saccharum      ,herb-shrub     ,tree           ,adult          ,sdlg           ,transpl  ,9,grass           , ,503, , ,540,biomass  ,g/ind               , , ,0.337, ,0.411,2,2, ,         , ,, ,, ,1,2,6,no 
9,none     ,yr1  ,natural  ,none           ,         ,all             ,press    ,h-tr-c-s ,small       ,4,Acer        ,saccharum      ,herb-shrub     ,tree           ,adult          ,sdlg           ,transpl  ,9,grass           , ,652, , ,540,biomass  ,g/ind               , , ,0.621, ,0.97,2,2, ,         , ,, ,, ,1,2,6,no 
9,none     ,yr1  ,natural  ,none           ,         ,all             ,press    ,h-tr-c-s ,small       ,4,Acer        ,saccharum      ,herb-shrub     ,tree           ,adult          ,sdlg           ,transpl  ,9,grass           , ,1482, , ,540,biomass  ,g/ind               , , ,-0.069, ,-0.067,2,2, ,         , ,, ,, ,1,2,6,no 
9,none     ,yr1  ,natural  ,none           ,         ,all             ,press    ,h-tr-c-s ,small       ,4,Acer        ,saccharum      ,herb-shrub     ,tree           ,adult          ,sdlg           ,transpl  ,9,grass           , ,3123, , ,540,biomass  ,g/ind               , , ,0.206, ,0.23,2,2, ,         , ,, ,, ,1,2,6,no 
9,none     ,yr1  ,natural  ,none           ,         ,all             ,press    ,h-tr-c-s ,small       ,4,Acer        ,saccharum      ,herb-shrub     ,tree           ,adult          ,sdlg           ,transpl  ,9,grass           , ,5248, , ,540,biomass  ,g/ind               , , ,0.756, ,1.411,2,2, ,         , ,, ,, ,1,2,6,no 
9,none     ,yr1  ,natural  ,none           ,         ,all             ,press    ,h-tr-c-s ,small       ,4,Acer        ,saccharum      ,herb-shrub     ,tree           ,adult          ,sdlg           ,transpl  ,9,grass           , ,5472, , ,540,biomass  ,g/ind               , , ,0.919, ,2.51,2,2, ,         , ,, ,, ,1,2,6,no 
9,none     ,yr1  ,natural  ,none           ,         ,all             ,press    ,h-tr-c-s ,small       ,4,Acer        ,saccharum      ,herb-shrub     ,tree           ,adult          ,sdlg           ,transpl  ,9,grass           , ,8746, , ,540,biomass  ,g/ind               , , ,0.82, ,1.713,2,2, ,         , ,, ,, ,1,2,6,no 
9,none     ,yr1  ,natural  ,none           ,         ,all             ,press    ,h-tr-c-s ,small       ,4,Acer        ,saccharum      ,herb-shrub     ,tree           ,adult          ,sdlg           ,transpl  ,9,grass           , ,13746, , ,540,biomass  ,g/ind               , , ,0.93, ,2.656,2,2, ,         , ,, ,, ,1,2,6,no 
9,none     ,yr1  ,natural  ,none           ,         ,all             ,press    ,h-tr-c-s ,small       ,4,Betula      ,populifolia    ,herb-shrub     ,tree           ,adult          ,sdlg           ,transpl  ,9,grass           , ,172, , ,540,biomass  ,g/ind               , , ,1, , ,2,2, ,         , ,, ,, ,1,2,6,no 
9,none     ,yr1  ,natural  ,none           ,         ,all             ,press    ,h-tr-c-s ,small       ,4,Betula      ,populifolia    ,herb-shrub     ,tree           ,adult          ,sdlg           ,transpl  ,9,grass           , ,177, , ,540,biomass  ,g/ind               , , ,0.998, ,6.215,2,2, ,         , ,, ,, ,1,2,6,no 
9,none     ,yr1  ,natural  ,none           ,         ,all             ,press    ,h-tr-c-s ,small       ,4,Betula      ,populifolia    ,herb-shrub     ,tree           ,adult          ,sdlg           ,transpl  ,9,grass           , ,182, , ,540,biomass  ,g/ind               , , ,1, , ,2,2, ,         , ,, ,, ,1,2,6,no 
9,none     ,yr1  ,natural  ,none           ,         ,all             ,press    ,h-tr-c-s ,small       ,4,Betula      ,populifolia    ,herb-shrub     ,tree           ,adult          ,sdlg           ,transpl  ,9,grass           , ,210, , ,540,biomass  ,g/ind               , , ,0.996, ,5.497,2,2, ,         , ,, ,, ,1,2,6,no 
9,none     ,yr1  ,natural  ,none           ,         ,all             ,press    ,h-tr-c-s ,small       ,4,Betula      ,populifolia    ,herb-shrub     ,tree           ,adult          ,sdlg           ,transpl  ,9,grass           , ,256, , ,540,biomass  ,g/ind               , , ,1, , ,2,2, ,         , ,, ,, ,1,2,6,no 
9,none     ,yr1  ,natural  ,none           ,         ,all             ,press    ,h-tr-c-s ,small       ,4,Betula      ,populifolia    ,herb-shrub     ,tree           ,adult          ,sdlg           ,transpl  ,9,grass           , ,300, , ,540,biomass  ,g/ind               , , ,0.998, ,6.215,2,2, ,         , ,, ,, ,1,2,6,no 
9,none     ,yr1  ,natural  ,none           ,         ,all             ,press    ,h-tr-c-s ,small       ,4,Betula      ,populifolia    ,herb-shrub     ,tree           ,adult          ,sdlg           ,transpl  ,9,grass           , ,310, , ,540,biomass  ,g/ind               , , ,1, , ,2,2, ,         , ,, ,, ,1,2,6,no 
9,none     ,yr1  ,natural  ,none           ,         ,all             ,press    ,h-tr-c-s ,small       ,4,Betula      ,populifolia    ,herb-shrub     ,tree           ,adult          ,sdlg           ,transpl  ,9,grass           , ,337, , ,540,biomass  ,g/ind               , , ,1, ,9.21,2,2, ,         , ,, ,, ,1,2,6,no 
9,none     ,yr1  ,natural  ,none           ,         ,all             ,press    ,h-tr-c-s ,small       ,4,Betula      ,populifolia    ,herb-shrub     ,tree           ,adult          ,sdlg           ,transpl  ,9,grass           , ,363, , ,540,biomass  ,g/ind               , , ,1, ,9.21,2,2, ,         , ,, ,, ,1,2,6,no 
9,none     ,yr1  ,natural  ,none           ,         ,all             ,press    ,h-tr-c-s ,small       ,4,Betula      ,populifolia    ,herb-shrub     ,tree           ,adult          ,sdlg           ,transpl  ,9,grass           , ,414, , ,540,biomass  ,g/ind               , , ,0.999, ,6.812,2,2, ,         , ,, ,, ,1,2,6,no 
9,none     ,yr1  ,natural  ,none           ,         ,all             ,press    ,h-tr-c-s ,small       ,4,Betula      ,populifolia    ,herb-shrub     ,tree           ,adult          ,sdlg           ,transpl  ,9,grass           , ,458, , ,540,biomass  ,g/ind               , , ,0.999, ,6.908,2,2, ,         , ,, ,, ,1,2,6,no 
9,none     ,yr1  ,natural  ,none           ,         ,all             ,press    ,h-tr-c-s ,small       ,4,Betula      ,populifolia    ,herb-shrub     ,tree           ,adult          ,sdlg           ,transpl  ,9,grass           , ,497, , ,540,biomass  ,g/ind               , , ,1, , ,2,2, ,         , ,, ,, ,1,2,6,no 
9,none     ,yr1  ,natural  ,none           ,         ,all             ,press    ,h-tr-c-s ,small       ,4,Betula      ,populifolia    ,herb-shrub     ,tree           ,adult          ,sdlg           ,transpl  ,9,grass           , ,502, , ,540,biomass  ,g/ind               , , ,0.999, ,6.812,2,2, ,         , ,, ,, ,1,2,6,no 
9,none     ,yr1  ,natural  ,none           ,         ,all             ,press    ,h-tr-c-s ,small       ,4,Betula      ,populifolia    ,herb-shrub     ,tree           ,adult          ,sdlg           ,transpl  ,9,grass           , ,644, , ,540,biomass  ,g/ind               , , ,1, ,8.517,2,2, ,         , ,, ,, ,1,2,6,no 
9,none     ,yr1  ,natural  ,none           ,         ,all             ,press    ,h-tr-c-s ,small       ,4,Betula      ,populifolia    ,herb-shrub     ,tree           ,adult          ,sdlg           ,transpl  ,9,grass           , ,1466, , ,540,biomass  ,g/ind               , , ,1, , ,2,2, ,         , ,, ,, ,1,2,6,no 
9,none     ,yr1  ,natural  ,none           ,         ,all             ,press    ,h-tr-c-s ,small       ,4,Betula      ,populifolia    ,herb-shrub     ,tree           ,adult          ,sdlg           ,transpl  ,9,grass           , ,5058, , ,540,biomass  ,g/ind               , , ,1, ,8.112,2,2, ,         , ,, ,, ,1,2,6,no 
9,none     ,yr1  ,natural  ,none           ,         ,all             ,press    ,h-tr-c-s ,small       ,4,Betula      ,populifolia    ,herb-shrub     ,tree           ,adult          ,sdlg           ,transpl  ,9,grass           , ,8610, , ,540,biomass  ,g/ind               , , ,1, ,8.112,2,2, ,         , ,, ,, ,1,2,6,no 
9,none     ,yr1  ,natural  ,none           ,         ,all             ,press    ,h-tr-c-s ,small       ,4,Betula      ,populifolia    ,herb-shrub     ,tree           ,adult          ,sdlg           ,transpl  ,9,grass           , ,13377, , ,540,biomass  ,g/ind               , , ,1, ,8.517,2,2, ,         , ,, ,, ,1,2,6,no 
9,none     ,yr2  ,natural  ,none           ,         ,all             ,press    ,h-tr-c-s ,small       ,4,Acer        ,rubrum         ,herb-shrub     ,tree           ,adult          ,sdlg           ,transpl  ,9,grass           , ,173, , ,540,biomass  ,g/ind               , , ,1.001, , ,2,2, ,         , ,, ,, ,1,2,6,no 
9,none     ,yr2  ,natural  ,none           ,         ,all             ,press    ,h-tr-c-s ,small       ,4,Acer        ,rubrum         ,herb-shrub     ,tree           ,adult          ,sdlg           ,transpl  ,9,grass           , ,180, , ,540,biomass  ,g/ind               , , ,0.966, ,3.367,2,2, ,         , ,, ,, ,1,2,6,no 
9,none     ,yr2  ,natural  ,none           ,         ,all             ,press    ,h-tr-c-s ,small       ,4,Acer        ,rubrum         ,herb-shrub     ,tree           ,adult          ,sdlg           ,transpl  ,9,grass           , ,183, , ,540,biomass  ,g/ind               , , ,0.978, ,3.794,2,2, ,         , ,, ,, ,1,2,6,no 
9,none     ,yr2  ,natural  ,none           ,         ,all             ,press    ,h-tr-c-s ,small       ,4,Acer        ,rubrum         ,herb-shrub     ,tree           ,adult          ,sdlg           ,transpl  ,9,grass           , ,208, , ,540,biomass  ,g/ind               , , ,0.953, ,3.058,2,2, ,         , ,, ,, ,1,2,6,no 
9,none     ,yr2  ,natural  ,none           ,         ,all             ,press    ,h-tr-c-s ,small       ,4,Acer        ,rubrum         ,herb-shrub     ,tree           ,adult          ,sdlg           ,transpl  ,9,grass           , ,255, , ,540,biomass  ,g/ind               , , ,0.991, ,4.667,2,2, ,         , ,, ,, ,1,2,6,no 
9,none     ,yr2  ,natural  ,none           ,         ,all             ,press    ,h-tr-c-s ,small       ,4,Acer        ,rubrum         ,herb-shrub     ,tree           ,adult          ,sdlg           ,transpl  ,9,grass           , ,259, , ,540,biomass  ,g/ind               , , ,0.878, ,2.103,2,2, ,         , ,, ,, ,1,2,6,no 
9,none     ,yr2  ,natural  ,none           ,         ,all             ,press    ,h-tr-c-s ,small       ,4,Acer        ,rubrum         ,herb-shrub     ,tree           ,adult          ,sdlg           ,transpl  ,9,grass           , ,301, , ,540,biomass  ,g/ind               , , ,0.994, ,5.167,2,2, ,         , ,, ,, ,1,2,6,no 
9,none     ,yr2  ,natural  ,none           ,         ,all             ,press    ,h-tr-c-s ,small       ,4,Acer        ,rubrum         ,herb-shrub     ,tree           ,adult          ,sdlg           ,transpl  ,9,grass           , ,306, , ,540,biomass  ,g/ind               , , ,0.93, ,2.662,2,2, ,         , ,, ,, ,1,2,6,no 
9,none     ,yr2  ,natural  ,none           ,         ,all             ,press    ,h-tr-c-s ,small       ,4,Acer        ,rubrum         ,herb-shrub     ,tree           ,adult          ,sdlg           ,transpl  ,9,grass           , ,339, , ,540,biomass  ,g/ind               , , ,0.989, ,4.492,2,2, ,         , ,, ,, ,1,2,6,no 
9,none     ,yr2  ,natural  ,none           ,         ,all             ,press    ,h-tr-c-s ,small       ,4,Acer        ,rubrum         ,herb-shrub     ,tree           ,adult          ,sdlg           ,transpl  ,9,grass           , ,363, , ,540,biomass  ,g/ind               , , ,0.998, ,6.266,2,2, ,         , ,, ,, ,1,2,6,no 
9,none     ,yr2  ,natural  ,none           ,         ,all             ,press    ,h-tr-c-s ,small       ,4,Acer        ,rubrum         ,herb-shrub     ,tree           ,adult          ,sdlg           ,transpl  ,9,grass           , ,411, , ,540,biomass  ,g/ind               , , ,0.986, ,4.234,2,2, ,         , ,, ,, ,1,2,6,no 
9,none     ,yr2  ,natural  ,none           ,         ,all             ,press    ,h-tr-c-s ,small       ,4,Acer        ,rubrum         ,herb-shrub     ,tree           ,adult          ,sdlg           ,transpl  ,9,grass           , ,459, , ,540,biomass  ,g/ind               , , ,0.971, ,3.537,2,2, ,         , ,, ,, ,1,2,6,no 
9,none     ,yr2  ,natural  ,none           ,         ,all             ,press    ,h-tr-c-s ,small       ,4,Acer        ,rubrum         ,herb-shrub     ,tree           ,adult          ,sdlg           ,transpl  ,9,grass           , ,491, , ,540,biomass  ,g/ind               , , ,0.979, ,3.849,2,2, ,         , ,, ,, ,1,2,6,no 
9,none     ,yr2  ,natural  ,none           ,         ,all             ,press    ,h-tr-c-s ,small       ,4,Acer        ,rubrum         ,herb-shrub     ,tree           ,adult          ,sdlg           ,transpl  ,9,grass           , ,504, , ,540,biomass  ,g/ind               , , ,0.953, ,3.066,2,2, ,         , ,, ,, ,1,2,6,no 
9,none     ,yr2  ,natural  ,none           ,         ,all             ,press    ,h-tr-c-s ,small       ,4,Acer        ,rubrum         ,herb-shrub     ,tree           ,adult          ,sdlg           ,transpl  ,9,grass           , ,648, , ,540,biomass  ,g/ind               , , ,0.957, ,3.135,2,2, ,         , ,, ,, ,1,2,6,no 
9,none     ,yr2  ,natural  ,none           ,         ,all             ,press    ,h-tr-c-s ,small       ,4,Acer        ,rubrum         ,herb-shrub     ,tree           ,adult          ,sdlg           ,transpl  ,9,grass           , ,1442, , ,540,biomass  ,g/ind               , , ,0.969, ,3.467,2,2, ,         , ,, ,, ,1,2,6,no 
9,none     ,yr2  ,natural  ,none           ,         ,all             ,press    ,h-tr-c-s ,small       ,4,Acer        ,rubrum         ,herb-shrub     ,tree           ,adult          ,sdlg           ,transpl  ,9,grass           , ,3026, , ,540,biomass  ,g/ind               , , ,0.989, ,4.483,2,2, ,         , ,, ,, ,1,2,6,no 
9,none     ,yr2  ,natural  ,none           ,         ,all             ,press    ,h-tr-c-s ,small       ,4,Acer        ,rubrum         ,herb-shrub     ,tree           ,adult          ,sdlg           ,transpl  ,9,grass           , ,5230, , ,540,biomass  ,g/ind               , , ,0.976, ,3.73,2,2, ,         , ,, ,, ,1,2,6,no 
9,none     ,yr2  ,natural  ,none           ,         ,all             ,press    ,h-tr-c-s ,small       ,4,Acer        ,rubrum         ,herb-shrub     ,tree           ,adult          ,sdlg           ,transpl  ,9,grass           , ,5547, , ,540,biomass  ,g/ind               , , ,0.923, ,2.567,2,2, ,         , ,, ,, ,1,2,6,no 
9,none     ,yr2  ,natural  ,none           ,         ,all             ,press    ,h-tr-c-s ,small       ,4,Acer        ,rubrum         ,herb-shrub     ,tree           ,adult          ,sdlg           ,transpl  ,9,grass           , ,8740, , ,540,biomass  ,g/ind               , , ,0.993, ,4.934,2,2, ,         , ,, ,, ,1,2,6,no 
9,none     ,yr2  ,natural  ,none           ,         ,all             ,press    ,h-tr-c-s ,small       ,4,Acer        ,rubrum         ,herb-shrub     ,tree           ,adult          ,sdlg           ,transpl  ,9,grass           , ,13427, , ,540,biomass  ,g/ind               , , ,0.974, ,3.634,2,2, ,         , ,, ,, ,1,2,6,no 
9,none     ,yr2  ,natural  ,none           ,         ,all             ,press    ,h-tr-c-s ,small       ,4,Acer        ,saccharum      ,herb-shrub     ,tree           ,adult          ,sdlg           ,transpl  ,9,grass           , ,174, , ,540,biomass  ,g/ind               , , ,1.005, , ,2,2, ,         , ,, ,, ,1,2,6,no 
9,none     ,yr2  ,natural  ,none           ,         ,all             ,press    ,h-tr-c-s ,small       ,4,Acer        ,saccharum      ,herb-shrub     ,tree           ,adult          ,sdlg           ,transpl  ,9,grass           , ,183, , ,540,biomass  ,g/ind               , , ,0.651, ,1.052,2,2, ,         , ,, ,, ,1,2,6,no 
9,none     ,yr2  ,natural  ,none           ,         ,all             ,press    ,h-tr-c-s ,small       ,4,Acer        ,saccharum      ,herb-shrub     ,tree           ,adult          ,sdlg           ,transpl  ,9,grass           , ,184, , ,540,biomass  ,g/ind               , , ,1.009, , ,2,2, ,         , ,, ,, ,1,2,6,no 
9,none     ,yr2  ,natural  ,none           ,         ,all             ,press    ,h-tr-c-s ,small       ,4,Acer        ,saccharum      ,herb-shrub     ,tree           ,adult          ,sdlg           ,transpl  ,9,grass           , ,213, , ,540,biomass  ,g/ind               , , ,0.635, ,1.007,2,2, ,         , ,, ,, ,1,2,6,no 
9,none     ,yr2  ,natural  ,none           ,         ,all             ,press    ,h-tr-c-s ,small       ,4,Acer        ,saccharum      ,herb-shrub     ,tree           ,adult          ,sdlg           ,transpl  ,9,grass           , ,260, , ,540,biomass  ,g/ind               , , ,0.632, ,1,2,2, ,         , ,, ,, ,1,2,6,no 
9,none     ,yr2  ,natural  ,none           ,         ,all             ,press    ,h-tr-c-s ,small       ,4,Acer        ,saccharum      ,herb-shrub     ,tree           ,adult          ,sdlg           ,transpl  ,9,grass           , ,261, , ,540,biomass  ,g/ind               , , ,0.739, ,1.343,2,2, ,         , ,, ,, ,1,2,6,no 
9,none     ,yr2  ,natural  ,none           ,         ,all             ,press    ,h-tr-c-s ,small       ,4,Acer        ,saccharum      ,herb-shrub     ,tree           ,adult          ,sdlg           ,transpl  ,9,grass           , ,309, , ,540,biomass  ,g/ind               , , ,0.847, ,1.878,2,2, ,         , ,, ,, ,1,2,6,no 
9,none     ,yr2  ,natural  ,none           ,         ,all             ,press    ,h-tr-c-s ,small       ,4,Acer        ,saccharum      ,herb-shrub     ,tree           ,adult          ,sdlg           ,transpl  ,9,grass           , ,312, , ,540,biomass  ,g/ind               , , ,0.412, ,0.53,2,2, ,         , ,, ,, ,1,2,6,no 
9,none     ,yr2  ,natural  ,none           ,         ,all             ,press    ,h-tr-c-s ,small       ,4,Acer        ,saccharum      ,herb-shrub     ,tree           ,adult          ,sdlg           ,transpl  ,9,grass           , ,338, , ,540,biomass  ,g/ind               , , ,0.651, ,1.054,2,2, ,         , ,, ,, ,1,2,6,no 
9,none     ,yr2  ,natural  ,none           ,         ,all             ,press    ,h-tr-c-s ,small       ,4,Acer        ,saccharum      ,herb-shrub     ,tree           ,adult          ,sdlg           ,transpl  ,9,grass           , ,366, , ,540,biomass  ,g/ind               , , ,0.853, ,1.916,2,2, ,         , ,, ,, ,1,2,6,no 
9,none     ,yr2  ,natural  ,none           ,         ,all             ,press    ,h-tr-c-s ,small       ,4,Acer        ,saccharum      ,herb-shrub     ,tree           ,adult          ,sdlg           ,transpl  ,9,grass           , ,418, , ,540,biomass  ,g/ind               , , ,0.734, ,1.326,2,2, ,         , ,, ,, ,1,2,6,no 
9,none     ,yr2  ,natural  ,none           ,         ,all             ,press    ,h-tr-c-s ,small       ,4,Acer        ,saccharum      ,herb-shrub     ,tree           ,adult          ,sdlg           ,transpl  ,9,grass           , ,455, , ,540,biomass  ,g/ind               , , ,0.739, ,1.344,2,2, ,         , ,, ,, ,1,2,6,no 
9,none     ,yr2  ,natural  ,none           ,         ,all             ,press    ,h-tr-c-s ,small       ,4,Acer        ,saccharum      ,herb-shrub     ,tree           ,adult          ,sdlg           ,transpl  ,9,grass           , ,503, , ,540,biomass  ,g/ind               , , ,0.698, ,1.196,2,2, ,         , ,, ,, ,1,2,6,no 
9,none     ,yr2  ,natural  ,none           ,         ,all             ,press    ,h-tr-c-s ,small       ,4,Acer        ,saccharum      ,herb-shrub     ,tree           ,adult          ,sdlg           ,transpl  ,9,grass           , ,504, , ,540,biomass  ,g/ind               , , ,0.843, ,1.85,2,2, ,         , ,, ,, ,1,2,6,no 
9,none     ,yr2  ,natural  ,none           ,         ,all             ,press    ,h-tr-c-s ,small       ,4,Acer        ,saccharum      ,herb-shrub     ,tree           ,adult          ,sdlg           ,transpl  ,9,grass           , ,650, , ,540,biomass  ,g/ind               , , ,0.302, ,0.36,2,2, ,         , ,, ,, ,1,2,6,no 
9,none     ,yr2  ,natural  ,none           ,         ,all             ,press    ,h-tr-c-s ,small       ,4,Acer        ,saccharum      ,herb-shrub     ,tree           ,adult          ,sdlg           ,transpl  ,9,grass           , ,1467, , ,540,biomass  ,g/ind               , , ,0.651, ,1.052,2,2, ,         , ,, ,, ,1,2,6,no 
9,none     ,yr2  ,natural  ,none           ,         ,all             ,press    ,h-tr-c-s ,small       ,4,Acer        ,saccharum      ,herb-shrub     ,tree           ,adult          ,sdlg           ,transpl  ,9,grass           , ,3169, , ,540,biomass  ,g/ind               , , ,0.85, ,1.894,2,2, ,         , ,, ,, ,1,2,6,no 
9,none     ,yr2  ,natural  ,none           ,         ,all             ,press    ,h-tr-c-s ,small       ,4,Acer        ,saccharum      ,herb-shrub     ,tree           ,adult          ,sdlg           ,transpl  ,9,grass           , ,5337, , ,540,biomass  ,g/ind               , , ,0.73, ,1.309,2,2, ,         , ,, ,, ,1,2,6,no 
9,none     ,yr2  ,natural  ,none           ,         ,all             ,press    ,h-tr-c-s ,small       ,4,Acer        ,saccharum      ,herb-shrub     ,tree           ,adult          ,sdlg           ,transpl  ,9,grass           , ,5559, , ,540,biomass  ,g/ind               , , ,0.636, ,1.012,2,2, ,         , ,, ,, ,1,2,6,no 
9,none     ,yr2  ,natural  ,none           ,         ,all             ,press    ,h-tr-c-s ,small       ,4,Acer        ,saccharum      ,herb-shrub     ,tree           ,adult          ,sdlg           ,transpl  ,9,grass           , ,9022, , ,540,biomass  ,g/ind               , , ,0.88, ,2.117,2,2, ,         , ,, ,, ,1,2,6,no 
9,none     ,yr2  ,natural  ,none           ,         ,all             ,press    ,h-tr-c-s ,small       ,4,Acer        ,saccharum      ,herb-shrub     ,tree           ,adult          ,sdlg           ,transpl  ,9,grass           , ,13911, , ,540,biomass  ,g/ind               , , ,0.482, ,0.657,2,2, ,         , ,, ,, ,1,2,6,no 
9,none     ,yr2  ,natural  ,none           ,         ,all             ,press    ,h-tr-c-s ,small       ,4,Betula      ,populifolia    ,herb-shrub     ,tree           ,adult          ,sdlg           ,transpl  ,9,grass           , ,173, , ,540,biomass  ,g/ind               , , ,1, , ,2,2, ,         , ,, ,, ,1,2,6,no 
9,none     ,yr2  ,natural  ,none           ,         ,all             ,press    ,h-tr-c-s ,small       ,4,Betula      ,populifolia    ,herb-shrub     ,tree           ,adult          ,sdlg           ,transpl  ,9,grass           , ,179, , ,540,biomass  ,g/ind               , , ,0.999, ,6.908,2,2, ,         , ,, ,, ,1,2,6,no 
9,none     ,yr2  ,natural  ,none           ,         ,all             ,press    ,h-tr-c-s ,small       ,4,Betula      ,populifolia    ,herb-shrub     ,tree           ,adult          ,sdlg           ,transpl  ,9,grass           , ,183, , ,540,biomass  ,g/ind               , , ,0.988, ,4.423,2,2, ,         , ,, ,, ,1,2,6,no 
9,none     ,yr2  ,natural  ,none           ,         ,all             ,press    ,h-tr-c-s ,small       ,4,Betula      ,populifolia    ,herb-shrub     ,tree           ,adult          ,sdlg           ,transpl  ,9,grass           , ,210, , ,540,biomass  ,g/ind               , , ,0.995, ,5.319,2,2, ,         , ,, ,, ,1,2,6,no 
9,none     ,yr2  ,natural  ,none           ,         ,all             ,press    ,h-tr-c-s ,small       ,4,Betula      ,populifolia    ,herb-shrub     ,tree           ,adult          ,sdlg           ,transpl  ,9,grass           , ,261, , ,540,biomass  ,g/ind               , , ,1, , ,2,2, ,         , ,, ,, ,1,2,6,no 
9,none     ,yr2  ,natural  ,none           ,         ,all             ,press    ,h-tr-c-s ,small       ,4,Betula      ,populifolia    ,herb-shrub     ,tree           ,adult          ,sdlg           ,transpl  ,9,grass           , ,304, , ,540,biomass  ,g/ind               , , ,0.987, ,4.351,2,2, ,         , ,, ,, ,1,2,6,no 
9,none     ,yr2  ,natural  ,none           ,         ,all             ,press    ,h-tr-c-s ,small       ,4,Betula      ,populifolia    ,herb-shrub     ,tree           ,adult          ,sdlg           ,transpl  ,9,grass           , ,306, , ,540,biomass  ,g/ind               , , ,1, , ,2,2, ,         , ,, ,, ,1,2,6,no 
9,none     ,yr2  ,natural  ,none           ,         ,all             ,press    ,h-tr-c-s ,small       ,4,Betula      ,populifolia    ,herb-shrub     ,tree           ,adult          ,sdlg           ,transpl  ,9,grass           , ,335, , ,540,biomass  ,g/ind               , , ,1, , ,2,2, ,         , ,, ,, ,1,2,6,no 
9,none     ,yr2  ,natural  ,none           ,         ,all             ,press    ,h-tr-c-s ,small       ,4,Betula      ,populifolia    ,herb-shrub     ,tree           ,adult          ,sdlg           ,transpl  ,9,grass           , ,368, , ,540,biomass  ,g/ind               , , ,1, , ,2,2, ,         , ,, ,, ,1,2,6,no 
9,none     ,yr2  ,natural  ,none           ,         ,all             ,press    ,h-tr-c-s ,small       ,4,Betula      ,populifolia    ,herb-shrub     ,tree           ,adult          ,sdlg           ,transpl  ,9,grass           , ,403, , ,540,biomass  ,g/ind               , , ,1, , ,2,2, ,         , ,, ,, ,1,2,6,no 
9,none     ,yr2  ,natural  ,none           ,         ,all             ,press    ,h-tr-c-s ,small       ,4,Betula      ,populifolia    ,herb-shrub     ,tree           ,adult          ,sdlg           ,transpl  ,9,grass           , ,462, , ,540,biomass  ,g/ind               , , ,1, , ,2,2, ,         , ,, ,, ,1,2,6,no 
9,none     ,yr2  ,natural  ,none           ,         ,all             ,press    ,h-tr-c-s ,small       ,4,Betula      ,populifolia    ,herb-shrub     ,tree           ,adult          ,sdlg           ,transpl  ,9,grass           , ,498, , ,540,biomass  ,g/ind               , , ,1, , ,2,2, ,         , ,, ,, ,1,2,6,no 
9,none     ,yr2  ,natural  ,none           ,         ,all             ,press    ,h-tr-c-s ,small       ,4,Betula      ,populifolia    ,herb-shrub     ,tree           ,adult          ,sdlg           ,transpl  ,9,grass           , ,503, , ,540,biomass  ,g/ind               , , ,0.997, ,5.843,2,2, ,         , ,, ,, ,1,2,6,no 
9,none     ,yr2  ,natural  ,none           ,         ,all             ,press    ,h-tr-c-s ,small       ,4,Betula      ,populifolia    ,herb-shrub     ,tree           ,adult          ,sdlg           ,transpl  ,9,grass           , ,636, , ,540,biomass  ,g/ind               , , ,0.998, ,6.215,2,2, ,         , ,, ,, ,1,2,6,no 
9,none     ,yr2  ,natural  ,none           ,         ,all             ,press    ,h-tr-c-s ,small       ,4,Betula      ,populifolia    ,herb-shrub     ,tree           ,adult          ,sdlg           ,transpl  ,9,grass           , ,1448, , ,540,biomass  ,g/ind               , , ,0.999, ,7.131,2,2, ,         , ,, ,, ,1,2,6,no 
9,none     ,yr2  ,natural  ,none           ,         ,all             ,press    ,h-tr-c-s ,small       ,4,Betula      ,populifolia    ,herb-shrub     ,tree           ,adult          ,sdlg           ,transpl  ,9,grass           , ,5192, , ,540,biomass  ,g/ind               , , ,1, , ,2,2, ,         , ,, ,, ,1,2,6,no 
9,none     ,yr2  ,natural  ,none           ,         ,all             ,press    ,h-tr-c-s ,small       ,4,Betula      ,populifolia    ,herb-shrub     ,tree           ,adult          ,sdlg           ,transpl  ,9,grass           , ,8523, , ,540,biomass  ,g/ind               , , ,1, , ,2,2, ,         , ,, ,, ,1,2,6,no 
9,none     ,yr2  ,natural  ,none           ,         ,all             ,press    ,h-tr-c-s ,small       ,4,Betula      ,populifolia    ,herb-shrub     ,tree           ,adult          ,sdlg           ,transpl  ,9,grass           , ,13306, , ,540,biomass  ,g/ind               , , ,1, , ,2,2, ,         , ,, ,, ,1,2,6,no 
12,none     ,none ,natural  ,none           ,         ,all             ,press    ,clip     ,small       ,2,Carex       ,lasiocarpa     ,graminoid      ,graminoid      ,adult          ,adult          ,transpl  ,1,wet             , ,104, , ,113,biomass  ,g/ind               , , ,0.288, ,0.34, , ,1,         , ,, ,, ,1,1,3,yes
12,none     ,none ,natural  ,none           ,         ,all             ,press    ,clip     ,small       ,2,Carex       ,lasiocarpa     ,graminoid      ,graminoid      ,adult          ,adult          ,transpl  ,1,wet             , ,151.8, , ,113,biomass  ,g/ind               , , ,0.245, ,0.281, , ,1,         , ,, ,, ,1,1,3,yes
12,none     ,none ,natural  ,none           ,         ,all             ,press    ,clip     ,small       ,2,Carex       ,lasiocarpa     ,graminoid      ,graminoid      ,adult          ,adult          ,transpl  ,1,wet             , ,155.6, , ,113,biomass  ,g/ind               , , ,-0.701, ,-0.531, , ,1,         , ,, ,, ,1,1,3,yes
12,none     ,none ,natural  ,none           ,         ,all             ,press    ,clip     ,small       ,2,Carex       ,lasiocarpa     ,graminoid      ,graminoid      ,adult          ,adult          ,transpl  ,1,wet             , ,350.9, , ,113,biomass  ,g/ind               , , ,-0.426, ,-0.355, , ,1,         , ,, ,, ,1,1,3,yes
12,none     ,none ,natural  ,none           ,         ,all             ,press    ,clip     ,small       ,2,Carex       ,lasiocarpa     ,graminoid      ,graminoid      ,adult          ,adult          ,transpl  ,1,wet             , ,562.2, , ,113,biomass  ,g/ind               , , ,0.314, ,0.377, , ,1,         , ,, ,, ,1,1,3,yes
12,none     ,none ,natural  ,none           ,         ,all             ,press    ,clip     ,small       ,2,Carex       ,lasiocarpa     ,graminoid      ,graminoid      ,adult          ,adult          ,transpl  ,1,wet             , ,579.3, , ,113,biomass  ,g/ind               , , ,0.509, ,0.71, , ,1,         , ,, ,, ,1,1,3,yes
12,none     ,none ,natural  ,none           ,         ,all             ,press    ,clip     ,small       ,2,Carex       ,lasiocarpa     ,graminoid      ,graminoid      ,adult          ,adult          ,transpl  ,1,wet             , ,921, , ,113,biomass  ,g/ind               , , ,-0.08, ,-0.077, , ,1,         , ,, ,, ,1,1,3,yes
12,none     ,none ,natural  ,none           ,         ,all             ,press    ,clip     ,small       ,2,Carex       ,lasiocarpa     ,graminoid      ,graminoid      ,adult          ,adult          ,transpl  ,1,wet             , ,1020.1, , ,113,biomass  ,g/ind               , , ,0.442, ,0.583, , ,1,         , ,, ,, ,1,1,3,yes
12,none     ,none ,natural  ,none           ,         ,all             ,press    ,clip     ,small       ,2,Carex       ,lasiocarpa     ,graminoid      ,graminoid      ,adult          ,adult          ,transpl  ,1,wet             , ,1117.5, , ,113,biomass  ,g/ind               , , ,-0.101, ,-0.096, , ,1,         , ,, ,, ,1,1,3,yes
12,none     ,none ,natural  ,none           ,         ,all             ,press    ,clip     ,small       ,2,Carex       ,lasiocarpa     ,graminoid      ,graminoid      ,adult          ,adult          ,transpl  ,1,wet             , ,1157.4, , ,113,biomass  ,g/ind               , , ,0.347, ,0.426, , ,1,         , ,, ,, ,1,1,3,yes
12,none     ,none ,natural  ,none           ,         ,all             ,press    ,clip     ,small       ,2,Carex       ,lasiocarpa     ,graminoid      ,graminoid      ,adult          ,adult          ,transpl  ,1,wet             , ,1287.6, , ,113,biomass  ,g/ind               , , ,0.53, ,0.756, , ,1,         , ,, ,, ,1,1,3,yes
12,none     ,none ,natural  ,none           ,         ,all             ,press    ,clip     ,small       ,2,Carex       ,lasiocarpa     ,graminoid      ,graminoid      ,adult          ,adult          ,transpl  ,1,wet             , ,1332.5, , ,113,biomass  ,g/ind               , , ,-0.29, ,-0.255, , ,1,         , ,, ,, ,1,1,3,yes
12,none     ,none ,natural  ,none           ,         ,all             ,press    ,clip     ,small       ,2,Carex       ,lasiocarpa     ,graminoid      ,graminoid      ,adult          ,adult          ,transpl  ,1,wet             , ,1516.2, , ,113,biomass  ,g/ind               , , ,-0.09, ,-0.087, , ,1,         , ,, ,, ,1,1,3,yes
12,none     ,none ,natural  ,none           ,         ,all             ,press    ,clip     ,small       ,2,Carex       ,lasiocarpa     ,graminoid      ,graminoid      ,adult          ,adult          ,transpl  ,1,wet             , ,1619.6, , ,113,biomass  ,g/ind               , , ,-0.65, ,-0.501, , ,1,         , ,, ,, ,1,1,3,yes
12,none     ,none ,natural  ,none           ,         ,all             ,press    ,clip     ,small       ,2,Carex       ,lasiocarpa     ,graminoid      ,graminoid      ,adult          ,adult          ,transpl  ,1,wet             , ,2082.2, , ,113,biomass  ,g/ind               , , ,-0.227, ,-0.204, , ,1,         , ,, ,, ,1,1,3,yes
12,none     ,none ,natural  ,none           ,         ,all             ,press    ,clip     ,small       ,2,Carex       ,lasiocarpa     ,graminoid      ,graminoid      ,adult          ,adult          ,transpl  ,1,wet             , ,2871.6, , ,113,biomass  ,g/ind               , , ,0.368, ,0.459, , ,1,         , ,, ,, ,1,1,3,yes
12,none     ,none ,natural  ,none           ,         ,all             ,press    ,clip     ,small       ,2,Juncus      ,brevicaudatus  ,graminoid      ,graminoid      ,adult          ,adult          ,transpl  ,1,wet             , ,156.4, , ,113,biomass  ,g/ind               , , ,0.583, ,0.875, , ,1,         , ,, ,, ,1,1,3,yes
12,none     ,none ,natural  ,none           ,         ,all             ,press    ,clip     ,small       ,2,Juncus      ,brevicaudatus  ,graminoid      ,graminoid      ,adult          ,adult          ,transpl  ,1,wet             , ,218.2, , ,113,biomass  ,g/ind               , , ,0.016, ,0.016, , ,1,         , ,, ,, ,1,1,3,yes
12,none     ,none ,natural  ,none           ,         ,all             ,press    ,clip     ,small       ,2,Juncus      ,brevicaudatus  ,graminoid      ,graminoid      ,adult          ,adult          ,transpl  ,1,wet             , ,278.3, , ,113,biomass  ,g/ind               , , ,-0.137, ,-0.128, , ,1,         , ,, ,, ,1,1,3,yes
12,none     ,none ,natural  ,none           ,         ,all             ,press    ,clip     ,small       ,2,Juncus      ,brevicaudatus  ,graminoid      ,graminoid      ,adult          ,adult          ,transpl  ,1,wet             , ,444.7, , ,113,biomass  ,g/ind               , , ,-0.055, ,-0.054, , ,1,         , ,, ,, ,1,1,3,yes
12,none     ,none ,natural  ,none           ,         ,all             ,press    ,clip     ,small       ,2,Juncus      ,brevicaudatus  ,graminoid      ,graminoid      ,adult          ,adult          ,transpl  ,1,wet             , ,580.9, , ,113,biomass  ,g/ind               , , ,0.103, ,0.109, , ,1,         , ,, ,, ,1,1,3,yes
12,none     ,none ,natural  ,none           ,         ,all             ,press    ,clip     ,small       ,2,Juncus      ,brevicaudatus  ,graminoid      ,graminoid      ,adult          ,adult          ,transpl  ,1,wet             , ,588.5, , ,113,biomass  ,g/ind               , , ,-0.311, ,-0.271, , ,1,         , ,, ,, ,1,1,3,yes
12,none     ,none ,natural  ,none           ,         ,all             ,press    ,clip     ,small       ,2,Juncus      ,brevicaudatus  ,graminoid      ,graminoid      ,adult          ,adult          ,transpl  ,1,wet             , ,800.4, , ,113,biomass  ,g/ind               , , ,-1.202, ,-0.79, , ,1,         , ,, ,, ,1,1,3,yes
12,none     ,none ,natural  ,none           ,         ,all             ,press    ,clip     ,small       ,2,Juncus      ,brevicaudatus  ,graminoid      ,graminoid      ,adult          ,adult          ,transpl  ,1,wet             , ,907.1, , ,113,biomass  ,g/ind               , , ,0.419, ,0.542, , ,1,         , ,, ,, ,1,1,3,yes
12,none     ,none ,natural  ,none           ,         ,all             ,press    ,clip     ,small       ,2,Juncus      ,brevicaudatus  ,graminoid      ,graminoid      ,adult          ,adult          ,transpl  ,1,wet             , ,935.3, , ,113,biomass  ,g/ind               , , ,0.798, ,1.601, , ,1,         , ,, ,, ,1,1,3,yes
12,none     ,none ,natural  ,none           ,         ,all             ,press    ,clip     ,small       ,2,Juncus      ,brevicaudatus  ,graminoid      ,graminoid      ,adult          ,adult          ,transpl  ,1,wet             , ,1008.9, , ,113,biomass  ,g/ind               , , ,0.265, ,0.307, , ,1,         , ,, ,, ,1,1,3,yes
12,none     ,none ,natural  ,none           ,         ,all             ,press    ,clip     ,small       ,2,Juncus      ,brevicaudatus  ,graminoid      ,graminoid      ,adult          ,adult          ,transpl  ,1,wet             , ,1025.1, , ,113,biomass  ,g/ind               , , ,0.668, ,1.103, , ,1,         , ,, ,, ,1,1,3,yes
12,none     ,none ,natural  ,none           ,         ,all             ,press    ,clip     ,small       ,2,Juncus      ,brevicaudatus  ,graminoid      ,graminoid      ,adult          ,adult          ,transpl  ,1,wet             , ,1513.9, , ,113,biomass  ,g/ind               , , ,0.51, ,0.713, , ,1,         , ,, ,, ,1,1,3,yes
12,none     ,none ,natural  ,none           ,         ,all             ,press    ,clip     ,small       ,2,Scirpus     ,validus        ,graminoid      ,graminoid      ,adult          ,adult          ,transpl  ,1,wet             , ,100.4, , ,113,biomass  ,g/ind               , , ,-0.295, ,-0.258, , ,1,         , ,, ,, ,1,1,3,yes
12,none     ,none ,natural  ,none           ,         ,all             ,press    ,clip     ,small       ,2,Scirpus     ,validus        ,graminoid      ,graminoid      ,adult          ,adult          ,transpl  ,1,wet             , ,259.9, , ,113,biomass  ,g/ind               , , ,0.007, ,0.007, , ,1,         , ,, ,, ,1,1,3,yes
12,none     ,none ,natural  ,none           ,         ,all             ,press    ,clip     ,small       ,2,Scirpus     ,validus        ,graminoid      ,graminoid      ,adult          ,adult          ,transpl  ,1,wet             , ,277.8, , ,113,biomass  ,g/ind               , , ,0.007, ,0.007, , ,1,         , ,, ,, ,1,1,3,yes
12,none     ,none ,natural  ,none           ,         ,all             ,press    ,clip     ,small       ,2,Scirpus     ,validus        ,graminoid      ,graminoid      ,adult          ,adult          ,transpl  ,1,wet             , ,1109.8, , ,113,biomass  ,g/ind               , , ,0.322, ,0.389, , ,1,         , ,, ,, ,1,1,3,yes
12,none     ,none ,natural  ,none           ,         ,all             ,press    ,clip     ,small       ,2,Scirpus     ,validus        ,graminoid      ,graminoid      ,adult          ,adult          ,transpl  ,1,wet             , ,1128.6, , ,113,biomass  ,g/ind               , , ,0.085, ,0.089, , ,1,         , ,, ,, ,1,1,3,yes
12,none     ,none ,natural  ,none           ,         ,all             ,press    ,clip     ,small       ,2,Scirpus     ,validus        ,graminoid      ,graminoid      ,adult          ,adult          ,transpl  ,1,wet             , ,1378.2, , ,113,biomass  ,g/ind               , , ,0.199, ,0.222, , ,1,         , ,, ,, ,1,1,3,yes
12,none     ,none ,natural  ,none           ,         ,all             ,press    ,clip     ,small       ,2,Scirpus     ,validus        ,graminoid      ,graminoid      ,adult          ,adult          ,transpl  ,1,wet             , ,1790.9, , ,113,biomass  ,g/ind               , , ,-0.298, ,-0.261, , ,1,         , ,, ,, ,1,1,3,yes
12,none     ,none ,natural  ,none           ,         ,all             ,press    ,clip     ,small       ,2,Scirpus     ,validus        ,graminoid      ,graminoid      ,adult          ,adult          ,transpl  ,1,wet             , ,2880, , ,113,biomass  ,g/ind               , , ,-0.257, ,-0.229, , ,1,         , ,, ,, ,1,1,3,yes
13,none     ,none ,exptl    ,ctrl           ,0,all             ,press    ,?        ,none        ,1,Ipomoea     ,hederacea      ,herb           ,vine           ,sdlg           ,sdlg           ,transpl  ,1,weed            , ,342, , ,34,biomass  ,g/ind               ,0.29,0.75,0.613,0.46,0.95,10,10, ,SE       ,1.3,4.110960958,0.87,2.751181564, ,3,1,1,no 
13,none     ,none ,exptl    ,nitrogen,11 g/m2  ,all             ,press    ,?        ,none        ,1,Ipomoea     ,hederacea      ,herb           ,vine           ,sdlg           ,sdlg           ,transpl  ,1,weed            , ,441, , ,34,biomass  ,g/ind               ,1.59,6.78,0.766,5.19,1.45,10,10, ,SE       ,2.6,8.221921916,12.13,38.35842802, ,3,1,1,no 
13,none     ,none ,exptl    ,ctrl           ,0,all             ,press    ,?        ,none        ,1,Ipomoea     ,hederacea      ,herb           ,vine           ,sdlg           ,sdlg           ,transpl  ,1,weed            , ,342, , ,63,biomass  ,g/ind               ,0.98,9.63,0.898,8.65,2.285,10,10, ,SE       ,0.43,1.359779394,1.73,5.470740352, ,3,1,1,no 
13,none     ,none ,exptl    ,nitrogen,11 g/m2  ,all             ,press    ,?        ,none        ,1,Ipomoea     ,hederacea      ,herb           ,vine           ,sdlg           ,sdlg           ,transpl  ,1,weed            , ,441, , ,63,biomass  ,g/ind               ,19.15,43.83,0.563,24.68,0.828,10,10, ,SE       ,2.6,8.221921916,12.13,38.35842802, ,3,1,1,no 
13,none     ,none ,exptl    ,ctrl           ,0,all             ,press    ,?        ,none        ,1,Ipomoea     ,hederacea      ,herb           ,vine           ,sdlg           ,sdlg           ,transpl  ,1,weed            , ,342, , ,95,biomass  ,g/ind               ,1.25,10.78,0.884,9.53,2.155,10,10, ,SE       ,0.87,2.751181564,2.21,6.988633629, ,3,1,1,yes
13,none     ,none ,exptl    ,nitrogen,11 g/m2  ,all             ,press    ,?        ,none        ,1,Ipomoea     ,hederacea      ,herb           ,vine           ,sdlg           ,sdlg           ,transpl  ,1,weed            , ,441, , ,95,biomass  ,g/ind               ,11.64,100.81,0.885,89.17,2.159,10,10, ,SE       ,3.49,11.03634903,12.55,39.68658464, ,3,1,1,yes
16,none     ,none ,exptl    ,ctrl           ,0 g/m2   ,all             ,once     ,herb     ,none        , ,Agropyron   ,repens         ,herb           ,graminoid      ,adult          ,sdlg           ,transpl  ,1,grass           , ,465.7, , ,110,biomass  ,g/ind               ,0.136,1.144,0.881,1.0084,2.131,40,40, ,         , ,, ,, ,1,3,4,yes
16,none     ,none ,exptl    ,low nitrogen,5.4 g/m2 ,all             ,once     ,herb     ,none        , ,Agropyron   ,repens         ,herb           ,graminoid      ,adult          ,sdlg           ,transpl  ,1,grass           , ,755.6, , ,110,biomass  ,g/ind               ,0.472,3.621,0.87,3.1487,2.038,40,40, ,         , ,, ,, ,1,3,4,yes
16,none     ,none ,exptl    ,high nitrogen,17 g/m2  ,all             ,once     ,herb     ,none        , ,Agropyron   ,repens         ,herb           ,graminoid      ,adult          ,sdlg           ,transpl  ,1,grass           , ,1169.1, , ,110,biomass  ,g/ind               ,2.879,7.667,0.625,4.7876,0.979,40,40, ,         , ,, ,, ,1,3,4,yes
16,none     ,none ,exptl    ,ctrl           ,0 g/m2   ,all             ,once     ,herb     ,none        , ,Poa         ,pratensis      ,herb           ,graminoid      ,adult          ,sdlg           ,transpl  ,1,grass           , ,465.7, , ,110,biomass  ,g/ind               ,0.135,0.67,0.799,0.5356,1.605,40,40, ,         , ,, ,, ,1,3,4,yes
16,none     ,none ,exptl    ,low nitrogen,5.4 g/m2 ,all             ,once     ,herb     ,none        , ,Poa         ,pratensis      ,herb           ,graminoid      ,adult          ,sdlg           ,transpl  ,1,grass           , ,755.6, , ,110,biomass  ,g/ind               ,0.309,1.261,0.755,0.9524,1.407,40,40, ,         , ,, ,, ,1,3,4,yes
16,none     ,none ,exptl    ,high nitrogen,17 g/m2  ,all             ,once     ,herb     ,none        , ,Poa         ,pratensis      ,herb           ,graminoid      ,adult          ,sdlg           ,transpl  ,1,grass           , ,1169.1, , ,110,biomass  ,g/ind               ,0.707,2.278,0.69,1.5713,1.17,40,40, ,         , ,, ,, ,1,3,4,yes
16,none     ,none ,exptl    ,ctrl           ,0 g/m2   ,all             ,once     ,herb     ,none        , ,Schizachyrium,scoparium      ,herb           ,graminoid      ,adult          ,sdlg           ,transpl  ,1,grass           , ,465.7, , ,110,biomass  ,g/ind               ,0.274,8.724,0.969,8.4502,3.461,40,40, ,         , ,, ,, ,1,3,4,yes
16,none     ,none ,exptl    ,low nitrogen,5.4 g/m2 ,all             ,once     ,herb     ,none        , ,Schizachyrium,scoparium      ,herb           ,graminoid      ,adult          ,sdlg           ,transpl  ,1,grass           , ,755.6, , ,110,biomass  ,g/ind               ,0.951,6.546,0.855,5.5946,1.929,40,40, ,         , ,, ,, ,1,3,4,yes
16,none     ,none ,exptl    ,high nitrogen,17 g/m2  ,all             ,once     ,herb     ,none        , ,Schizachyrium,scoparium      ,herb           ,graminoid      ,adult          ,sdlg           ,transpl  ,1,grass           , ,1169.1, , ,110,biomass  ,g/ind               ,1.318,7.192,0.817,5.8735,1.697,40,40, ,         , ,, ,, ,1,3,4,yes
17,none     ,none ,natural  ,SOM            ,         ,all             ,press    ,?        ,none        , ,mean        ,mean           ,herb           ,gram-erect     ,adult          ,adult          ,transpl  ,1,wet             , ,13.3, , ,60,biomass  ,g/ind               , , ,-0.052, ,-0.051, , ,1,         , ,, ,, ,1,1,1,yes
17,none     ,none ,natural  ,SOM            ,         ,all             ,press    ,?        ,none        , ,mean        ,mean           ,herb           ,gram-erect     ,adult          ,adult          ,transpl  ,1,wet             , ,13.3, , ,60,biomass  ,g/ind               , , ,-0.218, ,-0.197, , ,1,         , ,, ,, ,1,1,1,yes
17,none     ,none ,natural  ,SOM            ,         ,all             ,press    ,?        ,none        , ,mean        ,mean           ,herb           ,gram-erect     ,adult          ,adult          ,transpl  ,1,wet             , ,1587.6, , ,60,biomass  ,g/ind               , , ,-0.061, ,-0.059, , ,1,         , ,, ,, ,1,1,1,yes
17,none     ,none ,natural  ,SOM            ,         ,all             ,press    ,?        ,none        , ,mean        ,mean           ,herb           ,gram-erect     ,adult          ,adult          ,transpl  ,1,wet             , ,2122.4, , ,60,biomass  ,g/ind               , , ,0.065, ,0.067, , ,1,         , ,, ,, ,1,1,1,yes
17,none     ,none ,natural  ,SOM            ,         ,all             ,press    ,?        ,none        , ,mean        ,mean           ,herb           ,gram-erect     ,adult          ,adult          ,transpl  ,1,wet             , ,2406.6, , ,60,biomass  ,g/ind               , , ,0.266, ,0.309, , ,1,         , ,, ,, ,1,1,1,yes
17,none     ,none ,natural  ,SOM            ,         ,all             ,press    ,?        ,none        , ,mean        ,mean           ,herb           ,gram-erect     ,adult          ,adult          ,transpl  ,1,wet             , ,5139.5, , ,60,biomass  ,g/ind               , , ,0.319, ,0.384, , ,1,         , ,, ,, ,1,1,1,yes
17,none     ,none ,natural  ,SOM            ,         ,all             ,press    ,?        ,none        , ,mean        ,mean           ,herb           ,gram-erect     ,adult          ,adult          ,transpl  ,1,wet             , ,5961.3, , ,60,biomass  ,g/ind               , , ,0.193, ,0.214, , ,1,         , ,, ,, ,1,1,1,yes
17,none     ,none ,natural  ,SOM            ,         ,all             ,press    ,?        ,none        , ,mean        ,mean           ,herb           ,gram-erect     ,adult          ,adult          ,transpl  ,1,wet             , ,6343.7, , ,60,biomass  ,g/ind               , , ,0.337, ,0.411, , ,1,         ,,, ,, ,1,1,1,yes
18,forest   ,none ,natural  ,forest         ,         ,root            ,press    ,trench   ,none        , ,Bouteloua   ,gracilis       ,herb-tree      ,graminoid      ,adult          ,sdlg           ,transpl  ,1,forest          , ,7467, ,384,90,biomass  ,g/ind               ,0.038,0.086,0.553,0.0475,0.805,3,3, ,         , ,, ,, ,1,2,2,no 
18,forest   ,none ,natural  ,forest         ,         ,root            ,press    ,trench   ,none        , ,Populus     ,deltoides      ,herb-tree      ,tree           ,adult          ,sdlg           ,transpl  ,1,forest          , ,7467, ,384,90,biomass  ,g/ind               ,0.13,0.21,0.381,0.08,0.48,3,3, ,         , ,, ,, ,1,2,2,no 
18,grass    ,none ,natural  ,grass          ,         ,root            ,press    ,trench   ,none        , ,Bouteloua   ,gracilis       ,herb           ,graminoid      ,adult          ,sdlg           ,transpl  ,1,grass           , ,112, ,384,90,biomass  ,g/ind               ,0.086,0.499,0.828,0.4136,1.76,3,3, ,         , ,, ,, ,1,2,2,no 
18,grass    ,none ,natural  ,grass          ,         ,root            ,press    ,trench   ,none        , ,Populus     ,deltoides      ,herb           ,tree           ,adult          ,sdlg           ,transpl  ,1,grass           , ,112, ,384,90,biomass  ,g/ind               ,0.248,0.621,0.601,0.3727,0.918,3,3, ,         , ,, ,, ,1,2,2,no 
22,none     ,yr1  ,none     ,grassy         ,         ,all             ,press    ,clip     ,none        ,1,Aristida    ,longiseta      ,graminoid      ,graminoid      ,adult          ,adult          ,transpl  ,20,grass           , , , ,80,730,tillers  ,#/ind               ,16.5,16.5,0,0,0,3,3, ,         , ,, ,, ,1,2,6,no 
22,none     ,yr1  ,none     ,grassy         ,         ,all             ,press    ,clip     ,none        ,1,Bouteloua   ,rigidiseta     ,graminoid      ,graminoid      ,adult          ,adult          ,transpl  ,20,grass           , , , ,80,730,tillers  ,#/ind               ,29.9,42.9,0.303,13,0.361,3,3, ,         , ,, ,, ,1,2,6,no 
22,none     ,yr1  ,none     ,grassy         ,         ,all             ,press    ,clip     ,none        ,1,Stipa       ,leuchotricha   ,graminoid      ,graminoid      ,adult          ,adult          ,transpl  ,20,grass           , , , ,80,730,tillers  ,#/ind               ,6.5,8.2,0.207,1.7,0.232,3,3, ,         , ,, ,, ,1,2,6,no 
22,none     ,yr1  ,none     ,rocky          ,         ,all             ,press    ,clip     ,none        ,1,Aristida    ,longiseta      ,graminoid      ,graminoid      ,adult          ,adult          ,transpl  ,20,grass           , , , ,80,730,tillers  ,#/ind               ,8.1,15.9,0.491,7.8,0.674,3,3, ,         , ,, ,, ,1,2,6,no 
22,none     ,yr1  ,none     ,rocky          ,         ,all             ,press    ,clip     ,none        ,1,Bouteloua   ,rigidiseta     ,graminoid      ,graminoid      ,adult          ,adult          ,transpl  ,20,grass           , , , ,80,730,tillers  ,#/ind               ,18.3,33,0.446,14.7,0.59,3,3, ,         , ,, ,, ,1,2,6,no 
22,none     ,yr1  ,none     ,rocky          ,         ,all             ,press    ,clip     ,none        ,1,Stipa       ,leuchotricha   ,graminoid      ,graminoid      ,adult          ,adult          ,transpl  ,20,grass           , , , ,80,730,tillers  ,#/ind               ,4.2,8.7,0.517,4.5,0.728,3,3, ,         , ,, ,, ,1,2,6,no 
22,none     ,yr1  ,none     ,tree           ,         ,all             ,press    ,clip     ,none        ,1,Aristida    ,longiseta      ,gram-shrub     ,graminoid      ,adult          ,adult          ,transpl  ,20,grass           , , , ,80,730,tillers  ,#/ind               ,20.9,11.4,-0.833,-9.5,-0.606,3,3, ,         , ,, ,, ,1,2,6,no 
22,none     ,yr1  ,none     ,tree           ,         ,all             ,press    ,clip     ,none        ,1,Bouteloua   ,rigidiseta     ,gram-shrub     ,graminoid      ,adult          ,adult          ,transpl  ,20,grass           , , , ,80,730,tillers  ,#/ind               ,5,7.7,0.351,2.7,0.432,3,3, ,         , ,, ,, ,1,2,6,no 
22,none     ,yr1  ,none     ,tree           ,         ,all             ,press    ,clip     ,none        ,1,Stipa       ,leuchotricha   ,graminoid      ,graminoid      ,adult          ,adult          ,transpl  ,20,grass           , , , ,80,730,tillers  ,#/ind               ,7.9,5.8,-0.362,-2.1,-0.309,3,3, ,         , ,, ,, ,1,2,6,no 
25,none     ,none ,none     ,none           ,         ,all             ,press    ,herbpull ,large-below ,3,Bertoroa    ,incana         ,herb           ,annual         ,adult          ,sdlg           ,transpl  ,5,grass           , ,28,362, ,60,biomass  ,g/ind               ,0.2,1.95,0.897,1.75,2.277,14,14, ,SE       ,0.01,0.037416574,0.3,1.122497216, ,1,2,1,yes
28,none     ,none ,none     ,none           ,         ,all             ,?        ,?        ,none        ,13,Encelia     ,farinosa       ,shrub          ,shrub          ,adult          ,adult          ,natural  ,1,desert          , ,634, , ,730,biomass  ,g/ind               ,369,690.6,0.466,321.6,0.627,6,6, ,SE       ,67.9,166.3203535,58.7,143.7850479, ,1,1,1,no 
29,none     ,none ,none     ,radius=20cm    ,         ,all             ,press    ,herbclip ,none        , ,Agropyron   ,repens         ,herb           ,graminoid      ,adult          ,adult          ,transpl  ,1,grass           , , , , ,112,biomass  ,g/ind               ,0.68,0.82,0.171,0.14,0.187,10,10, ,SE       ,0.017,0.05375872,0.012,0.037947332, ,1,1,3,no 
29,none     ,none ,none     ,radius=20cm    ,         ,all             ,press    ,herbclip ,none        , ,Phleum      ,pratense       ,herb           ,graminoid      ,adult          ,adult          ,transpl  ,1,grass           , , , , ,112,biomass  ,g/ind               ,3.47,17.1,0.797,13.63,1.595,10,10, ,SE       ,1.36,4.300697618,7.34,23.21111803, ,1,1,3,no 
29,none     ,none ,none     ,radius=20cm    ,         ,all             ,press    ,herbclip ,none        , ,Poa         ,pratensis      ,herb           ,graminoid      ,adult          ,adult          ,transpl  ,1,grass           , , , , ,112,biomass  ,g/ind               ,0.96,0.92,-0.044,-0.04,-0.043,10,10, ,SE       ,0.243,0.768433471,0.143,0.452205705, ,1,1,3,no 
29,none     ,none ,none     ,radius=40cm    ,         ,all             ,press    ,herbclip ,none        ,1,Agropyron   ,repens         ,herb           ,graminoid      ,adult          ,adult          ,transpl  ,1,grass           , , , , ,112,biomass  ,g/ind               ,0.68,1.87,0.636,1.19,1.012,10,10, ,SE       ,0.017,0.05375872,0.051,0.161276161, ,1,1,3,no 
29,none     ,none ,none     ,radius=40cm    ,         ,all             ,press    ,herbclip ,none        ,1,Phleum      ,pratense       ,herb           ,graminoid      ,adult          ,adult          ,transpl  ,1,grass           , , , , ,112,biomass  ,g/ind               ,3.47,14.86,0.767,11.39,1.455,10,10, ,SE       ,1.36,4.300697618,2.73,8.633018012, ,1,1,3,no 
29,none     ,none ,none     ,radius=40cm    ,         ,all             ,press    ,herbclip ,none        ,1,Poa         ,pratensis      ,herb           ,graminoid      ,adult          ,adult          ,transpl  ,1,grass           , , , , ,112,biomass  ,g/ind               ,0.96,1.6,0.4,0.64,0.511,10,10, ,SE       ,0.243,0.768433471,0.382,1.207990066, ,1,1,3,no 
31,floodplain,none ,natural  ,floodplain     ,         ,all             ,once     ,clip     ,none        , ,Eriophorum  ,scheuchzeri    ,graminoid      ,graminoid      ,adult          ,adult          ,transpl  ,1000,lowherb         , , , , ,715,biomass  ,g/ind               ,53.6,454.4,0.882,400.8,2.137,4,4, ,SE       ,7.04,14.08,56.34,112.68, ,1,2,2,no 
31,muskeg   ,none ,natural  ,muskeg         ,         ,all             ,once     ,gird     ,none        , ,Eriophorum  ,scheuchzeri    ,graminoid      ,graminoid      ,adult          ,adult          ,transpl  ,1000,lowherb         , , , , ,715,biomass  ,g/ind               ,30.9,27.3,-0.132,-3.6,-0.124,4,4, ,SE       ,6.45,12.9,3.87,7.74, ,1,2,2,no 
31,floodplain,none ,natural  ,floodplain     ,         ,all             ,once     ,clip     ,none        , ,Eriophorum  ,vaginatum      ,graminoid      ,graminoid      ,adult          ,adult          ,transpl  ,1000,lowherb         , , , , ,715,biomass  ,g/ind               ,87.3,289.7,0.699,202.4,1.199,4,4, ,SE       ,7.04,14.08,14.08,28.16, ,1,2,2,no 
31,muskeg   ,none ,natural  ,muskeg         ,         ,all             ,once     ,gird     ,none        , ,Eriophorum  ,vaginatum      ,graminoid      ,graminoid      ,adult          ,adult          ,transpl  ,1000,lowherb         , , , , ,715,biomass  ,g/ind               ,127.3,107.9,-0.18,-19.4,-0.165,4,4, ,SE       ,18.06,36.12,6.58,13.16, ,1,2,2,no 
36,none     ,none ,exptl    ,ctrl           ,,shoot           ,press    ,tie      ,none        , ,Arrhenatherum,elatius        ,herb           ,graminoid      ,adult          ,adult          ,natural  ,1000,grass           , ,9, , ,120,biomass  ,g/tiller            ,0.01,0.1,0.9,0.09,2.303,4,4, ,         , ,, ,, ,1,1,4,no 
36,none     ,none ,exptl    ,fert           ,,shoot           ,press    ,tie      ,none        , ,Arrhenatherum,elatius        ,herb           ,graminoid      ,adult          ,adult          ,natural  ,1000,grass           , ,20, , ,120,biomass  ,g/tiller            ,0.12,0.04,-2,-0.08,-1.099,4,4, ,         , ,, ,, ,1,1,4,no 
36,none     ,none ,exptl    ,ctrl           ,,shoot           ,press    ,tie      ,none        , ,Holcus      ,lanatus        ,herb           ,graminoid      ,adult          ,adult          ,natural  ,1000,grass           , ,9, , ,120,biomass  ,g/tiller            ,0.01,0.03,0.667,0.02,1.099,4,4, ,         , ,, ,, ,1,1,4,no 
36,none     ,none ,exptl    ,fert           ,,shoot           ,press    ,tie      ,none        , ,Holcus      ,lanatus        ,herb           ,graminoid      ,adult          ,adult          ,natural  ,1000,grass           , ,20, , ,120,biomass  ,g/tiller            ,0,0.03,1,0.03, ,4,4, ,         , ,, ,, ,1,1,4,no 
36,none     ,none ,exptl    ,fert           ,,shoot           ,press    ,tie      ,none        , ,Lotus       ,corniculatus   ,herb           ,erect          ,adult          ,adult          ,natural  ,1000,grass           , ,20, , ,120,biomass  ,g/ind               ,0.01,0.01,0,0,0,4,4, ,         , ,, ,, ,1,1,4,no 
36,none     ,none ,exptl    ,ctrl           ,,shoot           ,press    ,tie      ,none        , ,Poa         ,pratensis      ,herb           ,graminoid      ,adult          ,adult          ,natural  ,1000,grass           , ,9, , ,120,biomass  ,g/tiller            ,0.09,0.08,-0.125,-0.01,-0.118,4,4, ,         , ,, ,, ,1,1,4,no 
36,none     ,none ,exptl    ,fert           ,,shoot           ,press    ,tie      ,none        , ,Poa         ,pratensis      ,herb           ,graminoid      ,adult          ,adult          ,natural  ,1000,grass           , ,20, , ,120,biomass  ,g/tiller            ,0.13,0.1,-0.3,-0.03,-0.262,4,4, ,         , ,, ,, ,1,1,4,no 
