study_id,Obs,Variable,Ambient CO2 (ppm),Elevated CO2 (ppm),CO2 difference (ppm),Treatment duration (years),Country,Fercility ,Unit,Other treatments,Data location,Notes,Nitrogen addition,Ecosystem,Vegetation,mean_ctrl,mean_trt,SD_ctrl,SD_trt,N_ctrl,N_trt,Tot_lnR,Tot_Var(lnR),ShortTerm_Mean_a,ShortTerm_Mean_e,ShortTerm_Std_a,ShortTerm_Std_e,ShortTerm_lnR,ShortTerm_Var(lnR),LongTerm_Mean_a,LongTerm_Mean_e,LongTerm_Std_a,LongTerm_Std_e,LongTerm_lnR,LongTerm_Var(lnR)
Ambus & Robertson 1999,1,TIN,NA,2A,A,2,USA,OTC,mg kg-1 soil,No,"Table 2; ""High"" N soil is locally excavated topsoil; only data from the last measurement (Jul 6)",NA,No,Forest,Broadleaved,2.7,2.9,0.0447,0.2236,5,5,0.0715,0.0012,2.7,2.9,0.0447,0.2236,0.0715,0.0012,NA,NA,NA,NA,NA,NA
Andresen et al 2010 (Biogeochemistry),2,NH4+,NA,510,NA,2,Denmark,FACE,mg N g-1 SOM,No,Fig. 1,NA,No,Grassland,NA,51.6975,30.8642,68.0414,45.3609,6,6,-0.5158,0.6487,51.6975,30.8642,68.0414,45.3609,-0.5158,0.6487,NA,NA,NA,NA,NA,NA
Andresen et al 2010 (Biogeochemistry),3,NH4+,NA,510,NA,2,Denmark,FACE,mg N g-1 SOM,Drought,Fig. 1,NA,No,Grassland,NA,32.4074,32.4074,68.0414,41.5808,6,6,0,1.0091,32.4074,32.4074,68.0414,41.5808,0,1.0091,NA,NA,NA,NA,NA,NA
Andresen et al 2010 (Biogeochemistry),4,NH4+,NA,510,NA,2,Denmark,FACE,mg N g-1 SOM,Warming,Fig. 1,NA,No,Grassland,NA,38.5802,203.7037,41.5808,158.7632,6,6,1.6639,0.2948,38.5802,203.7037,41.5808,158.7632,1.6639,0.2948,NA,NA,NA,NA,NA,NA
Andresen et al 2010 (Biogeochemistry),5,NH4+,NA,510,NA,2,Denmark,FACE,mg N g-1 SOM,Drought + Warming,Fig. 1,NA,No,Grassland,NA,10.8025,14.6605,9.4502,20.7904,6,6,0.3054,0.4627,10.8025,14.6605,9.4502,20.7904,0.3054,0.4627,NA,NA,NA,NA,NA,NA
Arnone 1997,6,TIN,335,680,345,2,Switzerland,OTC,g N m-2,No,Fig. 1b,NA,No,Grassland,sedge,12.8803,11.165,6.3649,5.7025,12,12,-0.1429,0.0421,12.8803,11.165,6.3649,5.7025,-0.1429,0.0421,NA,NA,NA,NA,NA,NA
Baggs et al. 2003,7,NH4+,360,600,240,8,Switzerland,FACE,g N kg-1 dry soil re-growth-1,Low Nitrogen,Table 3,NA,Yes,Grassland,Lolium,6.5,9.5,1.0954,1.0954,3,3,0.3795,0.0139,NA,NA,NA,NA,NA,NA,6.5,9.5,1.0954,1.0954,0.3795,0.0139
Baggs et al. 2003,8,NH4+,360,600,240,8,Switzerland,FACE,g N kg-1 dry soil re-growth-1,Low Nitrogen,Table 3,NA,Yes,Grassland,Lolium/Trifolium,7,7.5,2.1909,2.1909,3,3,0.069,0.0611,NA,NA,NA,NA,NA,NA,7,7.5,2.1909,2.1909,0.069,0.0611
Baggs et al. 2003,9,NH4+,360,600,240,8,Switzerland,FACE,g N kg-1 dry soil re-growth-1,Low Nitrogen,Table 3,NA,Yes,Grassland,Trifolium,5.5,7.5,1.7321,1.7321,3,3,0.3102,0.0508,NA,NA,NA,NA,NA,NA,5.5,7.5,1.7321,1.7321,0.3102,0.0508
Baggs et al. 2003,10,NH4+,360,600,240,8,Switzerland,FACE,g N kg-1 dry soil re-growth-1,High Nitrogen,Table 3,NA,Yes,Grassland,Lolium,11,14.5,2.4495,3.873,3,3,0.2763,0.0403,NA,NA,NA,NA,NA,NA,11,14.5,2.4495,3.873,0.2763,0.0403
Baggs et al. 2003,11,NH4+,360,600,240,8,Switzerland,FACE,g N kg-1 dry soil re-growth-1,High Nitrogen,Table 3,NA,Yes,Grassland,Lolium/Trifolium,15,15.5,3.873,4.9598,3,3,0.0328,0.0564,NA,NA,NA,NA,NA,NA,15,15.5,3.873,4.9598,0.0328,0.0564
Baggs et al. 2003,12,NH4+,360,600,240,8,Switzerland,FACE,g N kg-1 dry soil re-growth-1,High Nitrogen,Table 3,NA,Yes,Grassland,Trifolium,13,13.5,3.4641,3.873,3,3,0.0377,0.0511,NA,NA,NA,NA,NA,NA,13,13.5,3.4641,3.873,0.0377,0.0511
Baggs et al. 2003,13,NO3-,360,600,240,8,Switzerland,FACE,g N kg-1 dry soil re-growth-1,Low Nitrogen,Table 3,NA,Yes,Grassland,Lolium,13,9.5,4.5166,4.5166,3,3,-0.3137,0.1156,NA,NA,NA,NA,NA,NA,13,9.5,4.5166,4.5166,-0.3137,0.1156
Baggs et al. 2003,14,NO3-,360,600,240,8,Switzerland,FACE,g N kg-1 dry soil re-growth-1,Low Nitrogen,Table 3,NA,Yes,Grassland,Lolium/Trifolium,13.5,15,6.6182,7.3075,3,3,0.1054,0.1592,NA,NA,NA,NA,NA,NA,13.5,15,6.6182,7.3075,0.1054,0.1592
Baggs et al. 2003,15,NO3-,360,600,240,8,Switzerland,FACE,g N kg-1 dry soil re-growth-1,Low Nitrogen,Table 3,NA,Yes,Grassland,Trifolium,20.5,21,6.0498,6.6633,3,3,0.0241,0.0626,NA,NA,NA,NA,NA,NA,20.5,21,6.0498,6.6633,0.0241,0.0626
Baggs et al. 2003,16,NO3-,360,600,240,8,Switzerland,FACE,g N kg-1 dry soil re-growth-1,High Nitrogen,Table 3,NA,Yes,Grassland,Lolium,38.5,39.5,10.3923,13.704,3,3,0.0256,0.0644,NA,NA,NA,NA,NA,NA,38.5,39.5,10.3923,13.704,0.0256,0.0644
Baggs et al. 2003,17,NO3-,360,600,240,8,Switzerland,FACE,g N kg-1 dry soil re-growth-1,High Nitrogen,Table 3,NA,Yes,Grassland,Lolium/Trifolium,36,34.5,9.4552,13.704,3,3,-0.0426,0.0756,NA,NA,NA,NA,NA,NA,36,34.5,9.4552,13.704,-0.0426,0.0756
Baggs et al. 2003,18,NO3-,360,600,240,8,Switzerland,FACE,g N kg-1 dry soil re-growth-1,High Nitrogen,Table 3,NA,Yes,Grassland,Trifolium,41.5,42.5,6.5727,10.761,3,3,0.0238,0.0297,NA,NA,NA,NA,NA,NA,41.5,42.5,6.5727,10.761,0.0238,0.0297
Baggs et al. 2003,19,TIN,360,600,240,8,Switzerland,FACE,g N kg-1 dry soil re-growth-1,Low Nitrogen,Table 3,NA,Yes,Grassland,Lolium,19.5,19,4.6476,4.6476,3,3,-0.026,0.0389,NA,NA,NA,NA,NA,NA,19.5,19,4.6476,4.6476,-0.026,0.0389
Baggs et al. 2003,20,TIN,360,600,240,8,Switzerland,FACE,g N kg-1 dry soil re-growth-1,Low Nitrogen,Table 3,NA,Yes,Grassland,Lolium/Trifolium,20.5,22.5,6.9714,7.6289,3,3,0.0931,0.0769,NA,NA,NA,NA,NA,NA,20.5,22.5,6.9714,7.6289,0.0931,0.0769
Baggs et al. 2003,21,TIN,360,600,240,8,Switzerland,FACE,g N kg-1 dry soil re-growth-1,Low Nitrogen,Table 3,NA,Yes,Grassland,Trifolium,26,28.5,6.2929,6.8848,3,3,0.0918,0.039,NA,NA,NA,NA,NA,NA,26,28.5,6.2929,6.8848,0.0918,0.039
Baggs et al. 2003,22,TIN,360,600,240,8,Switzerland,FACE,g N kg-1 dry soil re-growth-1,High Nitrogen,Table 3,NA,Yes,Grassland,Lolium,49.5,54,10.6771,14.2408,3,3,0.087,0.0387,NA,NA,NA,NA,NA,NA,49.5,54,10.6771,14.2408,0.087,0.0387
Baggs et al. 2003,23,TIN,360,600,240,8,Switzerland,FACE,g N kg-1 dry soil re-growth-1,High Nitrogen,Table 3,NA,Yes,Grassland,Lolium/Trifolium,51,50,10.2176,14.5739,3,3,-0.0198,0.0417,NA,NA,NA,NA,NA,NA,51,50,10.2176,14.5739,-0.0198,0.0417
Baggs et al. 2003,24,TIN,360,600,240,8,Switzerland,FACE,g N kg-1 dry soil re-growth-1,High Nitrogen,Table 3,NA,Yes,Grassland,Trifolium,54.5,56,7.4297,11.4368,3,3,0.0272,0.0201,NA,NA,NA,NA,NA,NA,54.5,56,7.4297,11.4368,0.0272,0.0201
Barnard et al. 2004 (GCB),25,NH4+,350,600,250,4,Italy,FACE,_g N g-1 dry soil,No,Table2,NA,No,Grassland,NA,2.1,2,0.4899,0.4899,6,6,-0.0488,0.0191,NA,NA,NA,NA,NA,NA,2.1,2,0.4899,0.4899,-0.0488,0.0191
Barnard et al. 2004 (GCB),26,NH4+,370,600,230,4,France,FACE,_g N g-1 dry soil,Nitrogen + Cut,Table2,NA,Yes,Grassland,NA,8.5,9.7,1.0392,1.7321,3,3,0.1321,0.0156,NA,NA,NA,NA,NA,NA,8.5,9.7,1.0392,1.7321,0.1321,0.0156
Barnard et al. 2004 (GCB),27,NH4+,370,600,230,4,France,FACE,_g N g-1 dry soil,Nitrogen,Table2,NA,Yes,Grassland,NA,9.3,9.7,0.866,2.0785,3,3,0.0421,0.0182,NA,NA,NA,NA,NA,NA,9.3,9.7,0.866,2.0785,0.0421,0.0182
Barnard et al. 2004 (GCB),28,NH4+,350,660,310,3,Germany,FACE,_g N g-1 dry soil,No,Table2,NA,No,Grassland,NA,2.1,2.2,0.2449,0.2449,6,6,0.0465,0.0043,2.1,2.2,0.2449,0.2449,0.0465,0.0043,NA,NA,NA,NA,NA,NA
Barnard et al. 2004 (GCB),29,NH4+,350,660,310,3,Germany,FACE,_g N g-1 dry soil,Cut,Table2,NA,No,Grassland,NA,2.1,2.2,0.2449,0.2449,6,6,0.0465,0.0043,2.1,2.2,0.2449,0.2449,0.0465,0.0043,NA,NA,NA,NA,NA,NA
Barnard et al. 2004 (GCB),30,NH4+,350,670,320,4,UK,GC,_g N g-1 dry soil,Nitrogen,Table2,NA,Yes,Grassland,NA,22.9,30.6,22.0617,35.921,2,2,0.2899,1.1531,NA,NA,NA,NA,NA,NA,22.9,30.6,22.0617,35.921,0.2899,1.1531
Barnard et al. 2004 (GCB),31,NH4+,350,670,320,4,UK,GC,_g N g-1 dry soil,Nitrogen + Warming,Table2,NA,Yes,Grassland,NA,6.3,9.1,2.1213,1.9799,2,2,0.3677,0.0804,NA,NA,NA,NA,NA,NA,6.3,9.1,2.1213,1.9799,0.3677,0.0804
Barnard et al. 2004 (GCB),32,NO3-,350,600,250,4,Italy,FACE,_g N g-1 dry soil,No,Table2,NA,No,Grassland,NA,11.7,11.1,3.6742,2.4495,6,6,-0.0526,0.0246,NA,NA,NA,NA,NA,NA,11.7,11.1,3.6742,2.4495,-0.0526,0.0246
Barnard et al. 2004 (GCB),33,NO3-,370,600,230,4,France,FACE,_g N g-1 dry soil,Nitrogen + Cut,Table2,NA,Yes,Grassland,NA,1.4,0.9,0.6928,0.3464,3,3,-0.4418,0.131,NA,NA,NA,NA,NA,NA,1.4,0.9,0.6928,0.3464,-0.4418,0.131
Barnard et al. 2004 (GCB),34,NO3-,370,600,230,4,France,FACE,_g N g-1 dry soil,Nitrogen,Table2,NA,Yes,Grassland,NA,1.6,0.8,0.1732,0.1732,3,3,-0.6931,0.0195,NA,NA,NA,NA,NA,NA,1.6,0.8,0.1732,0.1732,-0.6931,0.0195
Barnard et al. 2004 (GCB),35,NO3-,350,660,310,3,Germany,FACE,_g N g-1 dry soil,No,Table2,NA,No,Grassland,NA,0.7,0.6,0.2449,0.2449,6,6,-0.1542,0.0482,0.7,0.6,0.2449,0.2449,-0.1542,0.0482,NA,NA,NA,NA,NA,NA
Barnard et al. 2004 (GCB),36,NO3-,350,660,310,3,Germany,FACE,_g N g-1 dry soil,Cut,Table2,NA,No,Grassland,NA,0.8,0.9,0.4899,0.4899,6,6,0.1178,0.1119,0.8,0.9,0.4899,0.4899,0.1178,0.1119,NA,NA,NA,NA,NA,NA
Barnard et al. 2004 (GCB),37,NO3-,350,670,320,4,UK,GC,_g N g-1 dry soil,Nitrogen,Table2,NA,Yes,Grassland,NA,0.6,0.02,0.5657,0.0028,2,2,-3.4012,0.4543,NA,NA,NA,NA,NA,NA,0.6,0.02,0.5657,0.0028,-3.4012,0.4543
Barnard et al. 2004 (GCB),38,NO3-,350,670,320,4,UK,GC,_g N g-1 dry soil,Nitrogen + Warming,Table2,NA,Yes,Grassland,NA,0.3,0.05,0.2828,0.0006,2,2,-1.7918,0.4444,NA,NA,NA,NA,NA,NA,0.3,0.05,0.2828,0.0006,-1.7918,0.4444
Barnard et al. 2004 (GCB),39,TIN,350,600,250,4,Italy,FACE,_g N g-1 dry soil,No,Table2,NA,No,Grassland,NA,13.8,13.1,3.7068,2.498,6,6,-0.0521,0.0181,NA,NA,NA,NA,NA,NA,13.8,13.1,3.7068,2.498,-0.0521,0.0181
Barnard et al. 2004 (GCB),40,TIN,370,600,230,4,France,FACE,_g N g-1 dry soil,Nitrogen + Cut,Table2,NA,Yes,Grassland,NA,9.9,10.6,1.249,1.7664,3,3,0.0683,0.0146,NA,NA,NA,NA,NA,NA,9.9,10.6,1.249,1.7664,0.0683,0.0146
Barnard et al. 2004 (GCB),41,TIN,370,600,230,4,France,FACE,_g N g-1 dry soil,Nitrogen,Table2,NA,Yes,Grassland,NA,10.9,10.5,0.8832,2.0857,3,3,-0.0374,0.0153,NA,NA,NA,NA,NA,NA,10.9,10.5,0.8832,2.0857,-0.0374,0.0153
Barnard et al. 2004 (GCB),42,TIN,350,660,310,3,Germany,FACE,_g N g-1 dry soil,No,Table2,NA,No,Grassland,NA,2.8,2.8,0.3464,0.3464,6,6,0,0.0051,2.8,2.8,0.3464,0.3464,0,0.0051,NA,NA,NA,NA,NA,NA
Barnard et al. 2004 (GCB),43,TIN,350,660,310,3,Germany,FACE,_g N g-1 dry soil,Cut,Table2,NA,No,Grassland,NA,2.9,3.1,0.5477,0.5477,6,6,0.0667,0.0111,2.9,3.1,0.5477,0.5477,0.0667,0.0111,NA,NA,NA,NA,NA,NA
Barnard et al. 2004 (GCB),44,TIN,350,670,320,4,UK,GC,_g N g-1 dry soil,Nitrogen,Table2,NA,Yes,Grassland,NA,23.5,30.62,22.069,35.921,2,2,0.2647,1.1291,NA,NA,NA,NA,NA,NA,23.5,30.62,22.069,35.921,0.2647,1.1291
Barnard et al. 2004 (GCB),45,TIN,350,670,320,4,UK,GC,_g N g-1 dry soil,Nitrogen + Warming,Table2,NA,Yes,Grassland,NA,6.6,9.15,2.1401,1.9799,2,2,0.3267,0.076,NA,NA,NA,NA,NA,NA,6.6,9.15,2.1401,1.9799,0.3267,0.076
Barnard et al. 2004 (NP),46,NO3-,365,665,300,1.3,NA,GC,_g N g-1 dry soil,No,Fig. 5; sum of different layers,NA,No,Grassland,Holcus,5.3485,6.3258,0.5773,0.6749,6,6,0.1678,0.0038,5.3485,6.3258,0.5773,0.6749,0.1678,0.0038,NA,NA,NA,NA,NA,NA
Barnard et al. 2004 (NP),47,NO3-,365,665,300,1.3,NA,GC,_g N g-1 dry soil,No,Fig. 7; sum of different layers,NA,No,Grassland,Festuca,4.486,3.9804,0.5011,1.3452,6,6,-0.1196,0.0211,4.486,3.9804,0.5011,1.3452,-0.1196,0.0211,NA,NA,NA,NA,NA,NA
Barnard et al. 2004 (NP),48,NH4+,365,665,300,1.3,NA,GC,_g N g-1 dry soil,No,Fig. 5; sum of different layers,NA,No,Grassland,Holcus,3.5845,4.8706,0.2621,0.9532,6,6,0.3066,0.0073,3.5845,4.8706,0.2621,0.9532,0.3066,0.0073,NA,NA,NA,NA,NA,NA
Barnard et al. 2004 (NP),49,NH4+,365,665,300,1.3,NA,GC,_g N g-1 dry soil,No,Fig. 7; sum of different layers,NA,No,Grassland,Festuca,5.3062,5.2768,0.1604,0.2182,6,6,-0.0056,0.0004,5.3062,5.2768,0.1604,0.2182,-0.0056,0.0004,NA,NA,NA,NA,NA,NA
Barnard et al. 2004 (NP),50,TIN,365,665,300,1.3,NA,GC,_g N g-1 dry soil,No,Fig. 5; sum of different layers,NA,No,Grassland,Holcus,8.933,11.1964,0.634,1.1679,6,6,0.2258,0.0027,8.933,11.1964,0.634,1.1679,0.2258,0.0027,NA,NA,NA,NA,NA,NA
Barnard et al. 2004 (NP),51,TIN,365,665,300,1.3,NA,GC,_g N g-1 dry soil,No,Fig. 7; sum of different layers,NA,No,Grassland,Festuca,9.7923,9.2573,0.5262,1.3628,6,6,-0.0562,0.0041,9.7923,9.2573,0.5262,1.3628,-0.0562,0.0041,NA,NA,NA,NA,NA,NA
Berntson & Bazzaz 1997,52,NH4+,375,700,325,2,USA,GC,mg N m-2,No,Fig. 1,NA,No,Forest,Yellow birch,59,47,63.6867,31.8434,6,6,-0.2274,0.2707,59,47,63.6867,31.8434,-0.2274,0.2707,NA,NA,NA,NA,NA,NA
Berntson & Bazzaz 1998,53,NH4+,375,700,325,2,USA,GC,g N m-2,No,Table 1,Independent from their 1997 paper,No,Forest,Yellow birch & White birch,0.218,0.222,0.0433,0.0658,3,3,0.0182,0.0424,0.218,0.222,0.0433,0.0658,0.0182,0.0424,NA,NA,NA,NA,NA,NA
Billes et al. 1993,54,TIN,350,700,350,0.1,NA,GC,mg pot-1,Fertillizer without N,Table 3,NA,No,Cropland,Wheat,4.5,7,0.45,0.7,4,4,0.4418,0.005,4.5,7,0.45,0.7,0.4418,0.005,NA,NA,NA,NA,NA,NA
Billes et al. 1993,55,TIN,350,700,350,0.1,NA,GC,mg pot-1,Fertillizer with N,Table 3,50 kg N ha-1; from Zak et al. 2000 (New Phytologist; Table 6),Yes,Cropland,Wheat,2.9,5.4,0.29,0.54,4,4,0.6217,0.005,2.9,5.4,0.29,0.54,0.6217,0.005,NA,NA,NA,NA,NA,NA
Billings et al. 2004,56,TIN,350,550,200,5,USA,FACE,ng g-1 ,No,Fig.3,NA,No,Desert,Shrubland,164.4345,183.7798,20.6197,36.0844,3,3,0.1112,0.0181,NA,NA,NA,NA,NA,NA,164.4345,183.7798,20.6197,36.0844,0.1112,0.0181
Blank & Derner 2004,57,TIN,360,699,339,0.3,USA,GC,mmol N kg-1 soil,Planted,Table 6,High fertility soil,No,Grassland,NA,1.2,1.74,0.65,0.56,12,12,0.3716,0.0331,1.2,1.74,0.65,0.56,0.3716,0.0331,NA,NA,NA,NA,NA,NA
Blank & Derner 2004,58,TIN,360,699,339,0.3,USA,GC,mmol N kg-1 soil,Unplanted,Table 6,High fertility soil,No,Grassland,NA,1.89,2.09,0.4,0.67,6,6,0.1006,0.0246,1.89,2.09,0.4,0.67,0.1006,0.0246,NA,NA,NA,NA,NA,NA
Blank & Derner 2004,59,TIN,360,699,339,0.3,USA,GC,mmol N kg-1 soil,Planted,Table 6,Low fertility soil,No,Grassland,NA,0.07,0.07,0.02,0.02,12,12,0,0.0136,0.07,0.07,0.02,0.02,0,0.0136,NA,NA,NA,NA,NA,NA
Blank & Derner 2004,60,TIN,360,699,339,0.3,USA,GC,mmol N kg-1 soil,Unplanted,Table 6,Low fertility soil,No,Grassland,NA,0.08,0.1,0.03,0.01,6,6,0.2231,0.0251,0.08,0.1,0.03,0.01,0.2231,0.0251,NA,NA,NA,NA,NA,NA
Bloor et al. 2009,61,TIN,380,645,265,0.3,France,GC,mg,No,Fig. 2; without comp,NA,No,Grassland,NA,6.9917,9.2231,0.6073,4.1297,6,6,0.277,0.0347,6.9917,9.2231,0.6073,4.1297,0.277,0.0347,NA,NA,NA,NA,NA,NA
Bloor et al. 2009,62,TIN,380,645,265,0.3,France,GC,mg,No,Fig. 2; with comp,NA,No,Grassland,NA,5.9504,4.3636,2.1863,0.9717,6,6,-0.3102,0.0308,5.9504,4.3636,2.1863,0.9717,-0.3102,0.0308,NA,NA,NA,NA,NA,NA
Bloor et al. 2009,63,TIN,380,645,265,0.3,France,GC,mg,Nitrogen,Fig. 2; without comp,NA,Yes,Grassland,NA,8.5289,9.1736,1.9434,1.579,6,6,0.0729,0.0136,8.5289,9.1736,1.9434,1.579,0.0729,0.0136,NA,NA,NA,NA,NA,NA
Bloor et al. 2009,64,TIN,380,645,265,0.3,France,GC,mg,Nitrogen,Fig. 2; with comp,NA,Yes,Grassland,NA,5.7521,4.1157,0.6073,0.7288,6,6,-0.3348,0.0071,5.7521,4.1157,0.6073,0.7288,-0.3348,0.0071,NA,NA,NA,NA,NA,NA
Carnol et al. 2002,65,NH4+,350,750,400,4,Germany,OTC,*,No,Table 1,Sum of upper and lower soil layers,No,Forest,Coniferous,0.77,0.76,0.0316,0.0316,5,5,-0.0131,0.0007,NA,NA,NA,NA,NA,NA,0.77,0.76,0.0316,0.0316,-0.0131,0.0007
Carnol et al. 2002,66,NO3-,350,750,400,4,Germany,OTC,*,No,Table 1,Sum of upper and lower soil layers,No,Forest,Coniferous,0.4,0.44,0.1304,0.0806,5,5,0.0953,0.028,NA,NA,NA,NA,NA,NA,0.4,0.44,0.1304,0.0806,0.0953,0.028
Carnol et al. 2002,67,TIN,350,750,400,4,Germany,OTC,*,No,Table 1,Sum of NH4+ and NO3-,No,Forest,Coniferous,1.17,1.2,0.1342,0.0866,5,5,0.0253,0.0037,NA,NA,NA,NA,NA,NA,1.17,1.2,0.1342,0.0866,0.0253,0.0037
Carrillo et al. 2012,68,NH4+,NA,600,NA,4.1,USA,FACE,g m-2,No,Fig. 2,NA,No,Grassland,NA,0.1298,0.1607,0.0138,0.0321,5,5,0.2135,0.0102,0.1043,0.0964,0.0157,0.018,-0.0788,0.0115,0.1553,0.2251,0.0231,0.0622,0.3712,0.0197
Carrillo et al. 2012,69,NH4+,NA,600,NA,4.1,USA,FACE,g m-2,Warming,Fig. 2,NA,No,Grassland,NA,0.1213,0.1629,0.0138,0.0221,5,5,0.2949,0.0063,0.1146,0.1167,0.0202,0.022,0.0182,0.0133,0.128,0.2091,0.0191,0.0389,0.4908,0.0114
Carrillo et al. 2012,70,NO3-,NA,600,NA,4.1,USA,FACE,g m-2,No,Fig. 3,NA,No,Grassland,NA,0.1258,0.0942,0.0175,0.0111,5,5,-0.2893,0.0066,0.1442,0.1083,0.0191,0.0153,-0.2863,0.0075,0.1074,0.0802,0.0297,0.0164,-0.292,0.0237
Carrillo et al. 2012,71,NO3-,NA,600,NA,4.1,USA,FACE,g m-2,Warming,Fig. 3,NA,No,Grassland,NA,0.1302,0.09,0.0158,0.01,5,5,-0.3693,0.0054,0.1598,0.1096,0.0302,0.0157,-0.3771,0.0112,0.1007,0.0705,0.0107,0.0126,-0.3565,0.0086
Carrillo et al. 2012,72,TIN,NA,600,NA,4.1,USA,FACE,g m-2,No,Fig. 2 + Fig. 3,NA,No,Grassland,NA,0.2556,0.255,0.0223,0.0339,5,5,-0.0024,0.0051,0.2485,0.2047,0.0247,0.0237,-0.1939,0.0047,0.2627,0.3053,0.0376,0.0643,0.1503,0.013
Carrillo et al. 2012,73,TIN,NA,600,NA,4.1,USA,FACE,g m-2,Warming,Fig. 2 + Fig. 3,NA,No,Grassland,NA,0.2515,0.2529,0.021,0.0243,5,5,0.0056,0.0032,0.2743,0.2262,0.0363,0.027,-0.1928,0.0064,0.2287,0.2796,0.0219,0.0409,0.2009,0.0061
Cheng et al. 2001,74,NH4+,374.5,683.5,309,0.3,Japan,GC,Mg N Kg-1 soil,Fertilizer,Fig. 2; Sum across layers,NA,Yes,Cropland,Rice,30.7449,31.9533,2.296,1.9935,3,3,0.0386,0.0032,30.7449,31.9533,2.296,1.9935,0.0386,0.0032,NA,NA,NA,NA,NA,NA
Das et al. 2011,75,TIN,NA,600,NA,0.2,India,GC,ug g-1 soil,Flood 25 C,Fig. 2; last incubation day,Ninhydrin nitrogen content; alluvial soil,No,Cropland,Rice,1.4198,1.4198,0.0617,0.1852,3,3,0,0.0063,1.4198,1.4198,0.0617,0.1852,0,0.0063,NA,NA,NA,NA,NA,NA
Das et al. 2011,76,TIN,NA,600,NA,0.2,India,GC,ug g-1 soil,Flood 35 C,Fig. 2; last incubation day,Ninhydrin nitrogen content; alluvial soil,No,Cropland,Rice,1.6463,1.8293,0.1829,0.122,3,3,0.1054,0.0056,1.6463,1.8293,0.1829,0.122,0.1054,0.0056,NA,NA,NA,NA,NA,NA
Das et al. 2011,77,TIN,NA,600,NA,0.2,India,GC,ug g-1 soil,Flood 45 C,Fig. 2; last incubation day,Ninhydrin nitrogen content; alluvial soil,No,Cropland,Rice,1.9024,1.9756,0.0732,0.0732,3,3,0.0378,0.001,1.9024,1.9756,0.0732,0.0732,0.0378,0.001,NA,NA,NA,NA,NA,NA
Das et al. 2011,78,TIN,NA,600,NA,0.2,India,GC,ug g-1 soil,Non-flood 25 C,Fig. 2; last incubation day,Ninhydrin nitrogen content; alluvial soil,No,Cropland,Rice,0.525,0.5625,0.075,0.1125,3,3,0.069,0.0201,0.525,0.5625,0.075,0.1125,0.069,0.0201,NA,NA,NA,NA,NA,NA
Das et al. 2011,79,TIN,NA,600,NA,0.2,India,GC,ug g-1 soil,Non-flood 35 C,Fig. 2; last incubation day,Ninhydrin nitrogen content; alluvial soil,No,Cropland,Rice,0.6667,0.7037,0.037,0.0741,3,3,0.054,0.0047,0.6667,0.7037,0.037,0.0741,0.054,0.0047,NA,NA,NA,NA,NA,NA
Das et al. 2011,80,TIN,NA,600,NA,0.2,India,GC,ug g-1 soil,Non-flood 45 C,Fig. 2; last incubation day,Ninhydrin nitrogen content; alluvial soil,No,Cropland,Rice,0.7952,0.8313,0.0361,0.0361,3,3,0.0444,0.0013,0.7952,0.8313,0.0361,0.0361,0.0444,0.0013,NA,NA,NA,NA,NA,NA
Das et al. 2011,81,TIN,NA,600,NA,0.2,India,GC,ug g-1 soil,Flood 25 C,Fig. 2; last incubation day,Ninhydrin nitrogen content; laterite soil,No,Cropland,Rice,1.0952,1.1429,0.0952,0.0476,3,3,0.0426,0.0031,1.0952,1.1429,0.0952,0.0476,0.0426,0.0031,NA,NA,NA,NA,NA,NA
Das et al. 2011,82,TIN,NA,600,NA,0.2,India,GC,ug g-1 soil,Flood 35 C,Fig. 2; last incubation day,Ninhydrin nitrogen content; laterite soil,No,Cropland,Rice,1.0824,1.1294,0.0941,0.0941,3,3,0.0425,0.0048,1.0824,1.1294,0.0941,0.0941,0.0425,0.0048,NA,NA,NA,NA,NA,NA
Das et al. 2011,83,TIN,NA,600,NA,0.2,India,GC,ug g-1 soil,Flood 45 C,Fig. 2; last incubation day,Ninhydrin nitrogen content; laterite soil,No,Cropland,Rice,1.1905,1.1905,0.1786,0.119,3,3,0,0.0108,1.1905,1.1905,0.1786,0.119,0,0.0108,NA,NA,NA,NA,NA,NA
Das et al. 2011,84,TIN,NA,600,NA,0.2,India,GC,ug g-1 soil,Non-flood 25 C,Fig. 2; last incubation day,Ninhydrin nitrogen content; laterite soil,No,Cropland,Rice,0.375,0.375,0.025,0.025,3,3,0,0.003,0.375,0.375,0.025,0.025,0,0.003,NA,NA,NA,NA,NA,NA
Das et al. 2011,85,TIN,NA,600,NA,0.2,India,GC,ug g-1 soil,Non-flood 35 C,Fig. 2; last incubation day,Ninhydrin nitrogen content; laterite soil,No,Cropland,Rice,0.3415,0.3902,0.0488,0.0732,3,3,0.1333,0.0185,0.3415,0.3902,0.0488,0.0732,0.1333,0.0185,NA,NA,NA,NA,NA,NA
Das et al. 2011,86,TIN,NA,600,NA,0.2,India,GC,ug g-1 soil,Non-flood 45 C,Fig. 2; last incubation day,Ninhydrin nitrogen content; laterite soil,No,Cropland,Rice,0.3929,0.4286,0.1071,0.0357,3,3,0.087,0.0271,0.3929,0.4286,0.1071,0.0357,0.087,0.0271,NA,NA,NA,NA,NA,NA
Dijkstra et al. 2010 (FE),87,TIN,400,780,380,0.2,USA,GC,g pot-1,Low water,Fig. 2,Monocultures,No,Grassland,Monocultures,0.2972,0.3052,0.0297,0.0305,10,10,0.0266,0.002,0.2972,0.3052,0.0297,0.0305,0.0266,0.002,NA,NA,NA,NA,NA,NA
Dijkstra et al. 2010 (FE),88,TIN,400,780,380,0.2,USA,GC,g pot-1,High water,Fig. 2,Monocultures,No,Grassland,Monocultures,0.2952,0.3032,0.0295,0.0303,10,10,0.0267,0.002,0.2952,0.3032,0.0295,0.0303,0.0267,0.002,NA,NA,NA,NA,NA,NA
Dijkstra et al. 2010 (FE),89,TIN,400,780,380,0.2,USA,GC,g pot-1,Low water,Fig. 2,Mixtures,No,Grassland,Mixtures,0.3072,0.3032,0.0307,0.0303,10,10,-0.0131,0.002,0.3072,0.3032,0.0307,0.0303,-0.0131,0.002,NA,NA,NA,NA,NA,NA
Dijkstra et al. 2010 (FE),90,TIN,400,780,380,0.2,USA,GC,g pot-1,High water,Fig. 2,Mixtures,No,Grassland,Mixtures,0.2892,0.2972,0.0289,0.0297,10,10,0.0273,0.002,0.2892,0.2972,0.0289,0.0297,0.0273,0.002,NA,NA,NA,NA,NA,NA
Dijkstra et al. 2010 (NP),91,TIN,NA,600,NA,2.7,USA,FACE,g m-2,No,Table 1,NA,No,Grassland,northern mixed-grass prairie,0.5167,0.37,0.0602,0.0331,5,5,-0.334,0.0043,0.5167,0.37,0.0602,0.0331,-0.334,0.0043,NA,NA,NA,NA,NA,NA
Dijkstra et al. 2010 (NP),92,TIN,NA,600,NA,2.7,USA,FACE,g m-2,Warming,Table 1,NA,No,Grassland,northern mixed-grass prairie,0.6667,0.47,0.0966,0.0606,5,5,-0.3496,0.0075,0.6667,0.47,0.0966,0.0606,-0.3496,0.0075,NA,NA,NA,NA,NA,NA
Drake et al. 2012,93,NH4+,365,560,195,15,USA,FACE,mg N g-1 soil,No,Table 2,NA,No,Forest,NA,2.1,2.6,0.8,1.8,4,4,0.2136,0.1561,NA,NA,NA,NA,NA,NA,2.1,2.6,0.8,1.8,0.2136,0.1561
Drake et al. 2012,94,NH4+,365,560,195,15,USA,FACE,mg N g-1 soil,Nitrogen,Table 2,NA,Yes,Forest,NA,1.9,3,1,1,4,4,0.4568,0.097,NA,NA,NA,NA,NA,NA,1.9,3,1,1,0.4568,0.097
Drake et al. 2012,95,NH4+,365,560,195,15,USA,FACE,mg N g-1 soil,Trench,Table 2,NA,No,Forest,NA,4.5,4.2,1.2,1.4,4,4,-0.069,0.0456,NA,NA,NA,NA,NA,NA,4.5,4.2,1.2,1.4,-0.069,0.0456
Drake et al. 2012,96,NH4+,365,560,195,15,USA,FACE,mg N g-1 soil,Nitrogen + Trench,Table 2,NA,Yes,Forest,NA,2.1,3.1,0.4,2,4,4,0.3895,0.1131,NA,NA,NA,NA,NA,NA,2.1,3.1,0.4,2,0.3895,0.1131
Drake et al. 2012,97,NO3-,365,560,195,15,USA,FACE,mg N g-1 soil,No,Table 2,NA,No,Forest,NA,3.7,3.5,0.8,0.4,4,4,-0.0556,0.015,NA,NA,NA,NA,NA,NA,3.7,3.5,0.8,0.4,-0.0556,0.015
Drake et al. 2012,98,NO3-,365,560,195,15,USA,FACE,mg N g-1 soil,Nitrogen,Table 2,NA,Yes,Forest,NA,6.8,7.2,2,2.8,4,4,0.0572,0.0594,NA,NA,NA,NA,NA,NA,6.8,7.2,2,2.8,0.0572,0.0594
Drake et al. 2012,99,NO3-,365,560,195,15,USA,FACE,mg N g-1 soil,Trench,Table 2,NA,No,Forest,NA,4.2,4.3,1,1.2,4,4,0.0235,0.0336,NA,NA,NA,NA,NA,NA,4.2,4.3,1,1.2,0.0235,0.0336
Drake et al. 2012,100,NO3-,365,560,195,15,USA,FACE,mg N g-1 soil,Nitrogen + Trench,Table 2,NA,Yes,Forest,NA,9.2,8.5,2.6,0.8,4,4,-0.0791,0.0222,NA,NA,NA,NA,NA,NA,9.2,8.5,2.6,0.8,-0.0791,0.0222
Drake et al. 2012,101,TIN,365,560,195,15,USA,FACE,mg N g-1 soil,No,Table 2,NA,No,Forest,NA,5.8,6.1,1.1314,1.8439,4,4,0.0504,0.0324,NA,NA,NA,NA,NA,NA,5.8,6.1,1.1314,1.8439,0.0504,0.0324
Drake et al. 2012,102,TIN,365,560,195,15,USA,FACE,mg N g-1 soil,Nitrogen,Table 2,NA,Yes,Forest,NA,8.7,10.2,2.2361,2.9732,4,4,0.1591,0.0378,NA,NA,NA,NA,NA,NA,8.7,10.2,2.2361,2.9732,0.1591,0.0378
Drake et al. 2012,103,TIN,365,560,195,15,USA,FACE,mg N g-1 soil,Trench,Table 2,NA,No,Forest,NA,8.7,8.5,1.562,1.8439,4,4,-0.0233,0.0198,NA,NA,NA,NA,NA,NA,8.7,8.5,1.562,1.8439,-0.0233,0.0198
Drake et al. 2012,104,TIN,365,560,195,15,USA,FACE,mg N g-1 soil,Nitrogen + Trench,Table 2,NA,Yes,Forest,NA,11.3,11.6,2.6306,2.1541,4,4,0.0262,0.0222,NA,NA,NA,NA,NA,NA,11.3,11.6,2.6306,2.1541,0.0262,0.0222
Finzi & Schlesinger 2003,105,TIN,365,560,195,5,USA,FACE,_g N g-1 dry soil,No,Fig. 1a,NA,No,Forest,Pine,1.7773,1.6476,0.2008,0.1708,3,3,-0.0758,0.0078,2.3063,2.1405,0.3231,0.2792,-0.0746,0.0122,0.9838,0.9081,0.178,0.1308,-0.0801,0.0178
Gloser et al. 2000,106,NO3-,350,600,250,5,Switzerland,FACE,_g g-1 resin,Nitrogen,Fig. 1a,Low N; average of five harvests,Yes,Grassland,Lolium perenne,4.717,9.1509,4.057700598,6.725627782,3,3,0.6627,0.4267,NA,NA,NA,NA,NA,NA,4.717,9.1509,4.057700598,6.725627782,0.6627,0.4267
Gloser et al. 2000,107,NO3-,350,600,250,5,Switzerland,FACE,_g g-1 resin,Nitrogen,Fig. 1a,High N; average of five harvests,Yes,Grassland,Lolium perenne,20.1887,37.3094,23.83219415,51.58381974,3,3,0.6141,1.1017,NA,NA,NA,NA,NA,NA,20.1887,37.3094,23.83219415,51.58381974,0.6141,1.1017
Gloser et al. 2000,108,NH4+,350,600,250,5,Switzerland,FACE,_g g-1 resin,Nitrogen,Fig. 1a,Low N; average of five harvests,Yes,Grassland,Lolium perenne,2.1215,2.3645,0.630927651,0.983864051,3,3,0.1084,0.0872,NA,NA,NA,NA,NA,NA,2.1215,2.3645,0.630927651,0.983864051,0.1084,0.0872
Gloser et al. 2000,109,NH4+,350,600,250,5,Switzerland,FACE,_g g-1 resin,Nitrogen,Fig. 1a,High N; average of five harvests,Yes,Grassland,Lolium perenne,2.3271,3.3832,0.752321936,1.703397621,3,3,0.3742,0.1193,NA,NA,NA,NA,NA,NA,2.3271,3.3832,0.752321936,1.703397621,0.3742,0.1193
Gloser et al. 2000,110,TIN,350,600,250,5,Switzerland,FACE,_g g-1 resin,Nitrogen,Fig. 1a,Low N; average of five harvests,Yes,Grassland,Lolium perenne,6.8385,11.5154,4.601326827,7.057174724,3,3,0.5211,0.2761,NA,NA,NA,NA,NA,NA,6.8385,11.5154,4.601326827,7.057174724,0.5211,0.2761
Gloser et al. 2000,111,TIN,350,600,250,5,Switzerland,FACE,_g g-1 resin,Nitrogen,Fig. 1a,High N; average of five harvests,Yes,Grassland,Lolium perenne,22.5158,40.6926,24.13208603,53.24505761,3,3,0.5918,0.9536,NA,NA,NA,NA,NA,NA,22.5158,40.6926,24.13208603,53.24505761,0.5918,0.9536
Hagedorn et al. 2000,112,NH4+,370,570,200,4,Switzerland,OTC,mg N bag-1,Low Nitrogen,Fig. 3,Acidic loam,Yes,Forest,Beech,0.1439,0.2032,0.0479,0.1676,8,8,0.3451,0.0989,NA,NA,NA,NA,NA,NA,0.1439,0.2032,0.0479,0.1676,0.3451,0.0989
Hagedorn et al. 2000,113,NH4+,370,570,200,4,Switzerland,OTC,mg N bag-1,Low Nitrogen,Fig. 3,Acidic loam,Yes,Forest,Spruce,0.1228,0.1228,0.0359,0.0359,8,8,0,0.0214,NA,NA,NA,NA,NA,NA,0.1228,0.1228,0.0359,0.0359,0,0.0214
Hagedorn et al. 2000,114,NH4+,370,570,200,4,Switzerland,OTC,mg N bag-1,Low Nitrogen,Fig. 3,Calcareous sand,Yes,Forest,Beech,0.1241,0.107,0.0363,0.0242,8,8,-0.1483,0.0171,NA,NA,NA,NA,NA,NA,0.1241,0.107,0.0363,0.0242,-0.1483,0.0171
Hagedorn et al. 2000,115,NH4+,370,570,200,4,Switzerland,OTC,mg N bag-1,Low Nitrogen,Fig. 3,Calcareous sand,Yes,Forest,Spruce,0.1283,0.107,0.0363,0.0363,8,8,-0.1815,0.0244,NA,NA,NA,NA,NA,NA,0.1283,0.107,0.0363,0.0363,-0.1815,0.0244
Hagedorn et al. 2000,116,NO3-,370,570,200,4,Switzerland,OTC,mg N bag-1,Low Nitrogen,Fig. 3,Acidic loam,Yes,Forest,Beech,0.4106,0.4571,0.2634,0.2754,8,8,0.1073,0.0968,NA,NA,NA,NA,NA,NA,0.4106,0.4571,0.2634,0.2754,0.1073,0.0968
Hagedorn et al. 2000,117,NO3-,370,570,200,4,Switzerland,OTC,mg N bag-1,Low Nitrogen,Fig. 3,Acidic loam,Yes,Forest,Spruce,0.2794,0.3259,0.1077,0.1077,8,8,0.1539,0.0322,NA,NA,NA,NA,NA,NA,0.2794,0.3259,0.1077,0.1077,0.1539,0.0322
Hagedorn et al. 2000,118,NO3-,370,570,200,4,Switzerland,OTC,mg N bag-1,Low Nitrogen,Fig. 3,Calcareous sand,Yes,Forest,Beech,0.1412,0.0813,0.1089,0.0726,8,8,-0.552,0.174,NA,NA,NA,NA,NA,NA,0.1412,0.0813,0.1089,0.0726,-0.552,0.174
Hagedorn et al. 2000,119,NO3-,370,570,200,4,Switzerland,OTC,mg N bag-1,Low Nitrogen,Fig. 3,Calcareous sand,Yes,Forest,Spruce,0.2011,0.1241,0.1573,0.1089,8,8,-0.4827,0.1727,NA,NA,NA,NA,NA,NA,0.2011,0.1241,0.1573,0.1089,-0.4827,0.1727
Hagedorn et al. 2000,120,TIN,370,570,200,4,Switzerland,OTC,mg N bag-1,Low Nitrogen,Fig. 3,Acidic loam,Yes,Forest,Beech,0.5545,0.6603,0.2677,0.3224,8,8,0.1746,0.0589,NA,NA,NA,NA,NA,NA,0.5545,0.6603,0.2677,0.3224,0.1746,0.0589
Hagedorn et al. 2000,121,TIN,370,570,200,4,Switzerland,OTC,mg N bag-1,Low Nitrogen,Fig. 3,Acidic loam,Yes,Forest,Spruce,0.4021,0.4487,0.1136,0.1136,8,8,0.1097,0.018,NA,NA,NA,NA,NA,NA,0.4021,0.4487,0.1136,0.1136,0.1097,0.018
Hagedorn et al. 2000,122,TIN,370,570,200,4,Switzerland,OTC,mg N bag-1,Low Nitrogen,Fig. 3,Calcareous sand,Yes,Forest,Beech,0.2652,0.1882,0.1148,0.0765,8,8,-0.343,0.0441,NA,NA,NA,NA,NA,NA,0.2652,0.1882,0.1148,0.0765,-0.343,0.0441
Hagedorn et al. 2000,123,TIN,370,570,200,4,Switzerland,OTC,mg N bag-1,Low Nitrogen,Fig. 3,Calcareous sand,Yes,Forest,Spruce,0.3294,0.231,0.1614,0.1148,8,8,-0.3549,0.0609,NA,NA,NA,NA,NA,NA,0.3294,0.231,0.1614,0.1148,-0.3549,0.0609
Hagedorn et al. 2000,124,NH4+,370,570,200,4,Switzerland,OTC,mg N bag-1,High Nitrogen,Fig. 3,Acidic loam,Yes,Forest,Beech,0.7237,1.4474,0.2791,1.7678,8,8,0.6931,0.2051,NA,NA,NA,NA,NA,NA,0.7237,1.4474,0.2791,1.7678,0.6931,0.2051
Hagedorn et al. 2000,125,NH4+,370,570,200,4,Switzerland,OTC,mg N bag-1,High Nitrogen,Fig. 3,Acidic loam,Yes,Forest,Spruce,1.1513,0.9211,0.8374,1.4886,8,8,-0.2231,0.3926,NA,NA,NA,NA,NA,NA,1.1513,0.9211,0.8374,1.4886,-0.2231,0.3926
Hagedorn et al. 2000,126,NH4+,370,570,200,4,Switzerland,OTC,mg N bag-1,High Nitrogen,Fig. 3,Calcareous sand,Yes,Forest,Beech,0.4305,0.2649,1.3112,0.281,8,8,-0.4856,1.3002,NA,NA,NA,NA,NA,NA,0.4305,0.2649,1.3112,0.281,-0.4856,1.3002
Hagedorn et al. 2000,127,NH4+,370,570,200,4,Switzerland,OTC,mg N bag-1,High Nitrogen,Fig. 3,Calcareous sand,Yes,Forest,Spruce,0.2649,0.1987,0.1873,0.1873,8,8,-0.2876,0.1736,NA,NA,NA,NA,NA,NA,0.2649,0.1987,0.1873,0.1873,-0.2876,0.1736
Hagedorn et al. 2000,128,NO3-,370,570,200,4,Switzerland,OTC,mg N bag-1,High Nitrogen,Fig. 3,Acidic loam,Yes,Forest,Beech,2.3355,3.3224,1.9538,2.419,8,8,0.3525,0.1537,NA,NA,NA,NA,NA,NA,2.3355,3.3224,1.9538,2.419,0.3525,0.1537
Hagedorn et al. 2000,129,NO3-,370,570,200,4,Switzerland,OTC,mg N bag-1,High Nitrogen,Fig. 3,Acidic loam,Yes,Forest,Spruce,2.6316,1.7105,1.6747,2.0469,8,8,-0.4308,0.2296,NA,NA,NA,NA,NA,NA,2.6316,1.7105,1.6747,2.0469,-0.4308,0.2296
Hagedorn et al. 2000,130,NO3-,370,570,200,4,Switzerland,OTC,mg N bag-1,High Nitrogen,Fig. 3,Calcareous sand,Yes,Forest,Beech,2.7152,1.3576,0.6556,1.0302,8,8,-0.6931,0.0793,NA,NA,NA,NA,NA,NA,2.7152,1.3576,0.6556,1.0302,-0.6931,0.0793
Hagedorn et al. 2000,131,NO3-,370,570,200,4,Switzerland,OTC,mg N bag-1,High Nitrogen,Fig. 3,Calcareous sand,Yes,Forest,Spruce,2.3179,1.3576,1.4985,1.4048,8,8,-0.5349,0.1861,NA,NA,NA,NA,NA,NA,2.3179,1.3576,1.4985,1.4048,-0.5349,0.1861
Hagedorn et al. 2000,132,TIN,370,570,200,4,Switzerland,OTC,mg N bag-1,High Nitrogen,Fig. 3,Acidic loam,Yes,Forest,Beech,3.0592,4.7697,1.9737,2.9961,8,8,0.4441,0.1014,NA,NA,NA,NA,NA,NA,3.0592,4.7697,1.9737,2.9961,0.4441,0.1014
Hagedorn et al. 2000,133,TIN,370,570,200,4,Switzerland,OTC,mg N bag-1,High Nitrogen,Fig. 3,Acidic loam,Yes,Forest,Spruce,3.7829,2.6316,1.8724,2.531,8,8,-0.3629,0.1462,NA,NA,NA,NA,NA,NA,3.7829,2.6316,1.8724,2.531,-0.3629,0.1462
Hagedorn et al. 2000,134,TIN,370,570,200,4,Switzerland,OTC,mg N bag-1,High Nitrogen,Fig. 3,Calcareous sand,Yes,Forest,Beech,3.1457,1.6225,1.466,1.0678,8,8,-0.6621,0.0813,NA,NA,NA,NA,NA,NA,3.1457,1.6225,1.466,1.0678,-0.6621,0.0813
Hagedorn et al. 2000,135,TIN,370,570,200,4,Switzerland,OTC,mg N bag-1,High Nitrogen,Fig. 3,Calcareous sand,Yes,Forest,Spruce,2.5828,1.5563,1.5102,1.4173,8,8,-0.5066,0.1464,NA,NA,NA,NA,NA,NA,2.5828,1.5563,1.5102,1.4173,-0.5066,0.1464
Hoosbeek et al. 2011,136,NH4+,NA,580,NA,4,UK,FACE,g N m-2 land,No,Fig. 2,NA,No,Forest,Deciduous,0.2615,0.1664,0.0378,0.015,4,4,-0.452,0.0073,0.2178,0.1861,0.0385,0.0169,-0.1573,0.0099,0.3926,0.1074,0.1104,0.0368,-1.2962,0.0491
Hoosbeek et al. 2011,137,NO3-,NA,580,NA,4,UK,FACE,g N m-2 land,No,Fig. 2,NA,No,Forest,Deciduous,5.6481,4.7377,0.3503,0.2619,4,4,-0.1758,0.0017,5.2881,4.5679,0.4162,0.3202,-0.1464,0.0028,6.7284,5.2469,0.7407,0.4938,-0.2487,0.0052
Hoosbeek et al. 2011,138,TIN,NA,580,NA,4,UK,FACE,g N m-2 land,No,Fig. 2,NA,No,Forest,Deciduous,5.9097,4.9041,0.3523,0.2623,4,4,-0.1865,0.0016,5.5059,4.754,0.418,0.3207,-0.1468,0.0026,7.121,5.3543,0.7489,0.4952,-0.2851,0.0049
Hovenden et al. 2008,139,TIN,NA,550,NA,3,Australia ,FACE,ug N resin-1 14 day-1,No,Fig. 1,NA,No,Grassland,NA,7.5081,4.6602,0.7949,0.7777,3,3,-0.4769,0.013,7.5081,4.6602,0.7949,0.7777,-0.4769,0.013,NA,NA,NA,NA,NA,NA
Hovenden et al. 2008,140,TIN,NA,550,NA,3,Australia ,FACE,ug N resin-1 14 day-1,Warming,Fig. 1,NA,No,Grassland,NA,7.0162,7.4822,0.5721,1.0521,3,3,0.0643,0.0088,7.0162,7.4822,0.5721,1.0521,0.0643,0.0088,NA,NA,NA,NA,NA,NA
Hovenden et al. 2008,141,NH4+,NA,550,NA,3,Australia ,FACE,ug N resin-1 14 day-1,No,Fig. 2,NA,No,Grassland,NA,3.5472,2.6038,0.4877,0.4475,3,3,-0.3092,0.0161,3.5472,2.6038,0.4877,0.4475,-0.3092,0.0161,NA,NA,NA,NA,NA,NA
Hovenden et al. 2008,142,NH4+,NA,550,NA,3,Australia ,FACE,ug N resin-1 14 day-1,Warming,Fig. 2,NA,No,Grassland,NA,3.0566,2.5472,0.4032,0.3022,3,3,-0.1823,0.0105,3.0566,2.5472,0.4032,0.3022,-0.1823,0.0105,NA,NA,NA,NA,NA,NA
Hovenden et al. 2008,143,NO3-,NA,550,NA,3,Australia ,FACE,ug N resin-1 14 day-1,No,Fig. 2,NA,No,Grassland,NA,3.9431,2.0664,0.966,0.3506,3,3,-0.6462,0.0296,3.9431,2.0664,0.966,0.3506,-0.6462,0.0296,NA,NA,NA,NA,NA,NA
Hovenden et al. 2008,144,NO3-,NA,550,NA,3,Australia ,FACE,ug N resin-1 14 day-1,Warming,Fig. 2,NA,No,Grassland,NA,3.9431,4.7773,0.3664,1.0921,3,3,0.1919,0.0203,3.9431,4.7773,0.3664,1.0921,0.1919,0.0203,NA,NA,NA,NA,NA,NA
Johnson et al. 1997,145,TIN,350,612.5,262.5,3,USA,OTC,NA,No,Fig. 4a,Average across horizons,No,Forest,Evergreen,9.8113,10.4528,3.1387,2.8527,3,3,0.0633,0.0589,9.8113,10.4528,3.1387,2.8527,0.0633,0.0589,NA,NA,NA,NA,NA,NA
Johnson et al. 1997,146,TIN,350,612.5,262.5,3,USA,OTC,NA,Low Nitrogen,Fig. 4a,Average across horizons,Yes,Forest,Evergreen,8.9434,8.4151,2.1727,1.7156,3,3,-0.0609,0.0335,8.9434,8.4151,2.1727,1.7156,-0.0609,0.0335,NA,NA,NA,NA,NA,NA
Johnson et al. 1997,147,TIN,350,612.5,262.5,3,USA,OTC,NA,High Nitrogen,Fig. 4a,Average across horizons,Yes,Forest,Evergreen,8.0755,8.0566,2.126,2.8415,3,3,-0.0023,0.0646,8.0755,8.0566,2.126,2.8415,-0.0023,0.0646,NA,NA,NA,NA,NA,NA
Johnson et al. 2003,148,NO3-,350,686,336,5,USA,OTC,mg N 10 cm-2 land,No,Table 5,NA,No,Forest,NA,3.08,1.18,3.5638,0.5091,8,8,-0.9594,0.1906,NA,NA,NA,NA,NA,NA,3.08,1.18,3.5638,0.5091,-0.9594,0.1906
Johnson et al. 2003,149,NH4+,350,686,336,5,USA,OTC,mg N 10 cm-2 land,No,Table 5,NA,No,Forest,NA,4.08,3.2,1.5839,0.6505,8,8,-0.2429,0.024,NA,NA,NA,NA,NA,NA,4.08,3.2,1.5839,0.6505,-0.2429,0.024
Johnson et al. 2003,150,TIN,350,686,336,5,USA,OTC,mg N 10 cm-2 land,No,Table 5,NA,No,Forest,NA,7.05,3.73,4.2709,1.0465,8,8,-0.6366,0.0557,NA,NA,NA,NA,NA,NA,7.05,3.73,4.2709,1.0465,-0.6366,0.0557
Johnson et al. 2004,151,TIN,NA,542,NA,3.3,USA,FACE,mg kg-1,No,Table 7; Average of the three replicates,NA,No,Forest,NA,0.337,0.358,0.0267,0.027,3,2,0.0605,0.0049,0.0507,0.0527,0.0044,0.0045,0.0387,0.0062,0.6233,0.6633,0.0596,0.0659,0.0622,0.008
Kammann et al. 2008,152,NH4+,NA,NA,NA,6,Germany,FACE,mg N g-1 soil,Nitrogen,Table 4,NA,Yes,Grassland,NA,5.15,5.7,0.6062,0.7275,3,3,0.1015,0.01,NA,NA,NA,NA,NA,NA,5.15,5.7,0.6062,0.7275,0.1015,0.01
Kammann et al. 2008,153,NO3-,NA,NA,NA,6,Germany,FACE,mg N g-1 soil,Nitrogen,Table 4,NA,Yes,Grassland,NA,0.46,0.48,0.1039,0.1386,3,3,0.0426,0.0448,NA,NA,NA,NA,NA,NA,0.46,0.48,0.1039,0.1386,0.0426,0.0448
Kammann et al. 2008,154,TIN,NA,NA,NA,6,Germany,FACE,mg N g-1 soil,Nitrogen,Table 4,NA,Yes,Grassland,NA,5.61,6.18,0.6151,0.7405,3,3,0.0968,0.0088,NA,NA,NA,NA,NA,NA,5.61,6.18,0.6151,0.7405,0.0968,0.0088
Kanerva et al. 2006,155,NH4+,438,487,49,2.5,Finland,OTC,mg N g-1 soil,Fertilizer,Fig. 1,NA,Yes,Grassland,NA,2.7741,2.4176,0.4182,0.1718,3,3,-0.1376,0.0093,2.7741,2.4176,0.4182,0.1718,-0.1376,0.0093,NA,NA,NA,NA,NA,NA
Kanerva et al. 2006,156,NH4+,438,486,48,2.5,Finland,OTC,mg N g-1 soil,Fertilizer + O3,Fig. 1,NA,Yes,Grassland,NA,1.9963,2.612,0.1799,0.1575,3,3,0.2688,0.0039,1.9963,2.612,0.1799,0.1575,0.2688,0.0039,NA,NA,NA,NA,NA,NA
Kanerva et al. 2006,157,NO3-,438,487,49,2.5,Finland,OTC,mg N g-1 soil,Fertilizer,Fig. 1,NA,Yes,Grassland,NA,0.0756,0.077,0.0057,0.0151,3,3,0.0183,0.0147,0.0756,0.077,0.0057,0.0151,0.0183,0.0147,NA,NA,NA,NA,NA,NA
Kanerva et al. 2006,158,NO3-,438,486,48,2.5,Finland,OTC,mg N g-1 soil,Fertilizer + O3,Fig. 1,NA,Yes,Grassland,NA,0.063,0.0763,0.0185,0.0102,3,3,0.1915,0.0347,0.063,0.0763,0.0185,0.0102,0.1915,0.0347,NA,NA,NA,NA,NA,NA
Kanerva et al. 2006,159,TIN,438,487,49,2.5,Finland,OTC,mg N g-1 soil,Fertilizer,Fig. 1,NA,Yes,Grassland,NA,2.8439,2.4987,0.3984,0.1156,3,3,-0.1294,0.0073,2.8439,2.4987,0.3984,0.1156,-0.1294,0.0073,NA,NA,NA,NA,NA,NA
Kanerva et al. 2006,160,TIN,438,486,48,2.5,Finland,OTC,mg N g-1 soil,Fertilizer + O3,Fig. 1,NA,Yes,Grassland,NA,2.0717,2.6933,0.1351,0.1457,3,3,0.2624,0.0024,2.0717,2.6933,0.1351,0.1457,0.2624,0.0024,NA,NA,NA,NA,NA,NA
Lam et al. 2011,161,NH4+,420,565,145,0.7,China,FACE,mg kg-1 soil,Low Nitrogen,Fig. 2; Average across measurements,84 kg N ha-1,Yes,Cropland,Wheat,5.8247,5.8419,0.5825,0.5842,3,3,0.0029,0.0067,5.8247,5.8419,0.5825,0.5842,0.0029,0.0067,NA,NA,NA,NA,NA,NA
Lam et al. 2011,162,NH4+,420,565,145,0.7,China,FACE,mg kg-1 soil,High Nitrogen,Fig. 2; Average across measurements,188 kg N ha-1,Yes,Cropland,Wheat,6.3058,9.1409,0.6306,0.9141,3,3,0.3713,0.0067,6.3058,9.1409,0.6306,0.9141,0.3713,0.0067,NA,NA,NA,NA,NA,NA
Lam et al. 2011,163,NO3-,420,565,145,0.7,China,FACE,mg kg-1 soil,Low Nitrogen,Fig. 2; Average across measurements,84 kg N ha-1,Yes,Cropland,Wheat,6.7692,9.8462,0.6769,0.9846,3,3,0.3747,0.0067,6.7692,9.8462,0.6769,0.9846,0.3747,0.0067,NA,NA,NA,NA,NA,NA
Lam et al. 2011,164,NO3-,420,565,145,0.7,China,FACE,mg kg-1 soil,High Nitrogen,Fig. 2; Average across measurements,188 kg N ha-1,Yes,Cropland,Wheat,33.1624,28.3077,3.3162,2.8308,3,3,-0.1583,0.0067,33.1624,28.3077,3.3162,2.8308,-0.1583,0.0067,NA,NA,NA,NA,NA,NA
Lam et al. 2011,165,TIN,420,565,145,0.7,China,FACE,mg kg-1 soil,Low Nitrogen,Fig. 2; Average across measurements,84 kg N ha-1,Yes,Cropland,Wheat,12.594,15.6881,1.2594,1.5688,3,3,0.2197,0.0067,12.594,15.6881,1.2594,1.5688,0.2197,0.0067,NA,NA,NA,NA,NA,NA
Lam et al. 2011,166,TIN,420,565,145,0.7,China,FACE,mg kg-1 soil,High Nitrogen,Fig. 2; Average across measurements,188 kg N ha-1,Yes,Cropland,Wheat,39.4682,37.4486,3.9468,3.7449,3,3,-0.0525,0.0067,39.4682,37.4486,3.9468,3.7449,-0.0525,0.0067,NA,NA,NA,NA,NA,NA
Lam et al. 2013 (JAS),167,NH4+,390,550,160,0.3,Australia,FACE,mg kg-1 soil,Nitrogen,Fig. 2d,100 kg N ha-1 yr-1,Yes,Cropland,Wheat,26.6667,27.4419,8.9615,8.2561,4,4,0.0287,0.0509,26.6667,27.4419,8.9615,8.2561,0.0287,0.0509,NA,NA,NA,NA,NA,NA
Lam et al. 2013 (JAS),168,NH4+,390,550,160,0.3,Australia,FACE,mg kg-1 soil,Nitrogen + Irrigation,Fig. 2d,100 kg N ha-1 yr-1,Yes,Cropland,Wheat,19.0698,30.0775,10.0439,15.108,4,4,0.4557,0.1324,19.0698,30.0775,10.0439,15.108,0.4557,0.1324,NA,NA,NA,NA,NA,NA
Lam et al. 2013 (JAS),169,NO3-,390,550,160,0.3,Australia,FACE,mg kg-1 soil,Nitrogen,Fig. 2e,100 kg N ha-1 yr-1,Yes,Cropland,Wheat,34.4211,27,5.2699,3.1371,4,4,-0.2428,0.0092,34.4211,27,5.2699,3.1371,-0.2428,0.0092,NA,NA,NA,NA,NA,NA
Lam et al. 2013 (JAS),170,NO3-,390,550,160,0.3,Australia,FACE,mg kg-1 soil,Nitrogen + Irrigation,Fig. 2e,100 kg N ha-1 yr-1,Yes,Cropland,Wheat,21.0789,25.8158,3.0318,4.5998,4,4,0.2027,0.0131,21.0789,25.8158,3.0318,4.5998,0.2027,0.0131,NA,NA,NA,NA,NA,NA
Lam et al. 2013 (JAS),171,TIN,390,550,160,0.3,Australia,FACE,mg kg-1 soil,Nitrogen,Fig. 2d + e,100 kg N ha-1 yr-1,Yes,Cropland,Wheat,34.4211,27,5.2699,3.1371,4,4,-0.2428,0.0092,34.4211,27,5.2699,3.1371,-0.2428,0.0092,NA,NA,NA,NA,NA,NA
Lam et al. 2013 (JAS),172,TIN,390,550,160,0.3,Australia,FACE,mg kg-1 soil,Nitrogen + Irrigation,Fig. 2d + e,100 kg N ha-1 yr-1,Yes,Cropland,Wheat,21.0789,25.8158,3.0318,4.5998,4,4,0.2027,0.0131,21.0789,25.8158,3.0318,4.5998,0.2027,0.0131,NA,NA,NA,NA,NA,NA
Lam et al. 2013 (PS_2),173,NH4+,390,700,310,0.4,Australia,GC,mg pot-1,No,Table 4,cereal-legume soil,No,Cropland,wheat,1.22,1.48,0.3,0.38,4,4,0.1932,0.0316,1.22,1.48,0.3,0.38,0.1932,0.0316,NA,NA,NA,NA,NA,NA
Lam et al. 2013 (PS_2),174,NH4+,390,700,310,0.4,Australia,GC,mg pot-1,Residue,Table 4,cereal-legume soil,No,Cropland,wheat,1.59,1.64,0.22,0.38,4,4,0.031,0.0182,1.59,1.64,0.22,0.38,0.031,0.0182,NA,NA,NA,NA,NA,NA
Lam et al. 2013 (PS_2),175,NH4+,390,700,310,0.4,Australia,GC,mg pot-1,No,Table 4,cereal-fallow soil,No,Cropland,wheat,0.87,0.97,0.54,0.16,4,4,0.1088,0.1031,0.87,0.97,0.54,0.16,0.1088,0.1031,NA,NA,NA,NA,NA,NA
Lam et al. 2013 (PS_2),176,NH4+,390,700,310,0.4,Australia,GC,mg pot-1,Residue,Table 4,cereal-fallow soil,No,Cropland,wheat,1.52,1.49,0.22,0.5,4,4,-0.0199,0.0334,1.52,1.49,0.22,0.5,-0.0199,0.0334,NA,NA,NA,NA,NA,NA
Lam et al. 2013 (PS_2),177,NO3-,390,700,310,0.4,Australia,GC,mg pot-1,No,Table 4,cereal-legume soil,No,Cropland,wheat,0.4,0.4,0.06,0.22,4,4,0,0.0812,0.4,0.4,0.06,0.22,0,0.0812,NA,NA,NA,NA,NA,NA
Lam et al. 2013 (PS_2),178,NO3-,390,700,310,0.4,Australia,GC,mg pot-1,Residue,Table 4,cereal-legume soil,No,Cropland,wheat,0.58,0.86,0.1,0.26,4,4,0.3939,0.0303,0.58,0.86,0.1,0.26,0.3939,0.0303,NA,NA,NA,NA,NA,NA
Lam et al. 2013 (PS_2),179,NO3-,390,700,310,0.4,Australia,GC,mg pot-1,No,Table 4,cereal-fallow soil,No,Cropland,wheat,0.35,0.22,0.16,0.04,4,4,-0.4643,0.0605,0.35,0.22,0.16,0.04,-0.4643,0.0605,NA,NA,NA,NA,NA,NA
Lam et al. 2013 (PS_2),180,NO3-,390,700,310,0.4,Australia,GC,mg pot-1,Residue,Table 4,cereal-fallow soil,No,Cropland,wheat,0.62,0.79,0.24,0.44,4,4,0.2423,0.115,0.62,0.79,0.24,0.44,0.2423,0.115,NA,NA,NA,NA,NA,NA
Lam et al. 2013 (PS_2),181,TIN,390,700,310,0.4,Australia,GC,mg pot-1,No,Table 4,cereal-legume soil,No,Cropland,wheat,1.62,1.88,0.3059,0.4391,4,4,0.1488,0.0226,1.62,1.88,0.3059,0.4391,0.1488,0.0226,NA,NA,NA,NA,NA,NA
Lam et al. 2013 (PS_2),182,TIN,390,700,310,0.4,Australia,GC,mg pot-1,Residue,Table 4,cereal-legume soil,No,Cropland,wheat,2.17,2.5,0.2417,0.4604,4,4,0.1416,0.0116,2.17,2.5,0.2417,0.4604,0.1416,0.0116,NA,NA,NA,NA,NA,NA
Lam et al. 2013 (PS_2),183,TIN,390,700,310,0.4,Australia,GC,mg pot-1,No,Table 4,cereal-fallow soil,No,Cropland,wheat,1.22,1.19,0.5632,0.1649,4,4,-0.0249,0.0581,1.22,1.19,0.5632,0.1649,-0.0249,0.0581,NA,NA,NA,NA,NA,NA
Lam et al. 2013 (PS_2),184,TIN,390,700,310,0.4,Australia,GC,mg pot-1,Residue,Table 4,cereal-fallow soil,No,Cropland,wheat,2.14,2.28,0.3256,0.666,4,4,0.0634,0.0271,2.14,2.28,0.3256,0.666,0.0634,0.0271,NA,NA,NA,NA,NA,NA
Larsen et al. 2011,185,NO3-,350,510,160,2,Denmark,FACE,g N m-2,No,Table 2,NA,No,Heathland,NA,0.0793,0.0339,0.0987,0.0382,6,6,-0.8498,0.4698,0.0793,0.0339,0.0987,0.0382,-0.8498,0.4698,NA,NA,NA,NA,NA,NA
Larsen et al. 2011,186,NO3-,350,510,160,2,Denmark,FACE,g N m-2,Drought,Table 2,NA,No,Heathland,NA,0.064,0.1759,0.1416,0.2383,6,6,1.011,1.1217,0.064,0.1759,0.1416,0.2383,1.011,1.1217,NA,NA,NA,NA,NA,NA
Larsen et al. 2011,187,NO3-,350,510,160,2,Denmark,FACE,g N m-2,Warming,Table 2,NA,No,Heathland,NA,0.229,0.2809,0.3255,0.3368,6,6,0.2043,0.5763,0.229,0.2809,0.3255,0.3368,0.2043,0.5763,NA,NA,NA,NA,NA,NA
Larsen et al. 2011,188,NO3-,350,510,160,2,Denmark,FACE,g N m-2,Warming + Drought,Table 2,NA,No,Heathland,NA,0.087,0.0415,0.2043,0.0683,6,6,-0.7402,1.3705,0.087,0.0415,0.2043,0.0683,-0.7402,1.3705,NA,NA,NA,NA,NA,NA
Larsen et al. 2011,189,NH4+,350,510,160,2,Denmark,FACE,g N m-2,No,Table 2,NA,No,Heathland,NA,0.33,0.251,0.4189,0.3772,6,6,-0.2736,0.645,0.33,0.251,0.4189,0.3772,-0.2736,0.645,NA,NA,NA,NA,NA,NA
Larsen et al. 2011,190,NH4+,350,510,160,2,Denmark,FACE,g N m-2,Drought,Table 2,NA,No,Heathland,NA,0.19,0.237,0.4066,0.3013,6,6,0.221,1.0326,0.19,0.237,0.4066,0.3013,0.221,1.0326,NA,NA,NA,NA,NA,NA
Larsen et al. 2011,191,NH4+,350,510,160,2,Denmark,FACE,g N m-2,Warming,Table 2,NA,No,Heathland,NA,0.286,1.087,0.2694,0.8034,6,6,1.3352,0.2389,0.286,1.087,0.2694,0.8034,1.3352,0.2389,NA,NA,NA,NA,NA,NA
Larsen et al. 2011,192,NH4+,350,510,160,2,Denmark,FACE,g N m-2,Warming + Drought,Table 2,NA,No,Heathland,NA,0.063,0.062,0.0514,0.0416,6,6,-0.016,0.186,0.063,0.062,0.0514,0.0416,-0.016,0.186,NA,NA,NA,NA,NA,NA
Larsen et al. 2011,193,TIN,350,510,160,2,Denmark,FACE,g N m-2,No,Table 2,NA,No,Heathland,NA,0.4093,0.2849,0.4303,0.3792,6,6,-0.3623,0.4795,0.4093,0.2849,0.4303,0.3792,-0.3623,0.4795,NA,NA,NA,NA,NA,NA
Larsen et al. 2011,194,TIN,350,510,160,2,Denmark,FACE,g N m-2,Drought,Table 2,NA,No,Heathland,NA,0.254,0.4129,0.4306,0.3842,6,6,0.4859,0.6233,0.254,0.4129,0.4306,0.3842,0.4859,0.6233,NA,NA,NA,NA,NA,NA
Larsen et al. 2011,195,TIN,350,510,160,2,Denmark,FACE,g N m-2,Warming,Table 2,NA,No,Heathland,NA,0.515,1.3679,0.4226,0.8712,6,6,0.9769,0.1798,0.515,1.3679,0.4226,0.8712,0.9769,0.1798,NA,NA,NA,NA,NA,NA
Larsen et al. 2011,196,TIN,350,510,160,2,Denmark,FACE,g N m-2,Warming + Drought,Table 2,NA,No,Heathland,NA,0.15,0.1035,0.2107,0.08,6,6,-0.3711,0.4284,0.15,0.1035,0.2107,0.08,-0.3711,0.4284,NA,NA,NA,NA,NA,NA
Long et al. 2012,197,NH4+,365,565,200,10,USA,FACE,mg kg-1,No,Table 1,NA,No,Forest,Loblolly pine,185.37,191.3167,5.7027,73.4251,3,3,0.0316,0.0494,NA,NA,NA,NA,NA,NA,185.37,191.3167,5.7027,73.4251,0.0316,0.0494
Long et al. 2012,198,NH4+,365,565,200,10,USA,FACE,mg kg-1,Nitrogen,Table 1,11.2 g N m-2 y-1,Yes,Forest,Loblolly pine,224.79,160.54,37.8067,29.6744,3,3,-0.3366,0.0208,NA,NA,NA,NA,NA,NA,224.79,160.54,37.8067,29.6744,-0.3366,0.0208
Martin-Olmedo et al. 2002,199,NH4+,396,716,320,0.1,NA,GC,mg N core-1,Low Nitrogen,Table 3,NA,Yes,Cropland,Barley,18.08,14.13,3.7211,4.4889,17,17,-0.2465,0.0084,18.08,14.13,3.7211,4.4889,-0.2465,0.0084,NA,NA,NA,NA,NA,NA
Martin-Olmedo et al. 2002,200,NH4+,396,716,320,0.1,NA,GC,mg N core-1,High Nitrogen,Table 3,NA,Yes,Cropland,Barley,17.67,14.92,6.0042,3.1167,17,17,-0.1692,0.0094,17.67,14.92,6.0042,3.1167,-0.1692,0.0094,NA,NA,NA,NA,NA,NA
Martin-Olmedo et al. 2002,201,NO3-,396,716,320,0.1,NA,GC,mg N core-1,Low Nitrogen,Table 3,NA,Yes,Cropland,Barley,10.41,7.62,12.0951,12.131,17,17,-0.312,0.2285,10.41,7.62,12.0951,12.131,-0.312,0.2285,NA,NA,NA,NA,NA,NA
Martin-Olmedo et al. 2002,202,NO3-,396,716,320,0.1,NA,GC,mg N core-1,High Nitrogen,Table 3,NA,Yes,Cropland,Barley,95.93,100.85,38.7282,23.1327,17,17,0.05,0.0127,95.93,100.85,38.7282,23.1327,0.05,0.0127,NA,NA,NA,NA,NA,NA
Martin-Olmedo et al. 2002,203,TIN,396,716,320,0.1,NA,GC,mg N g-1 soil,Low Nitrogen,Table 4,NA,Yes,Cropland,Barley,13.32,8.6,19.7952,5.364,17,17,-0.4375,0.1528,13.32,8.6,19.7952,5.364,-0.4375,0.1528,NA,NA,NA,NA,NA,NA
Martin-Olmedo et al. 2002,204,TIN,396,716,320,0.1,NA,GC,mg N g-1 soil,High Nitrogen,Table 4,NA,Yes,Cropland,Barley,16.55,22.48,6.7045,18.0712,17,17,0.3062,0.0477,16.55,22.48,6.7045,18.0712,0.3062,0.0477,NA,NA,NA,NA,NA,NA
McKinley et al. 2009,205,TIN,NA,NA,350,11,USA,OTC,mg N g-1 soil,No,Fig. 1a-d,Average across years,No,Forest,Evergreen,4.7208,3.7583,0.5655,0.4865,8,8,-0.228,0.0039,NA,NA,NA,NA,NA,NA,4.7208,3.7583,0.5655,0.4865,-0.228,0.0039
Niklaus et al. 1998,206,NH4+,360,600,240,2,Switzerland,OTC,mg N g-1 soil,No,Fig. 6 (upper panel),NA,No,Grassland,NA,11.3548,7.2258,17.518,2.5547,8,8,-0.452,0.3131,11.3548,7.2258,17.518,2.5547,-0.452,0.3131,NA,NA,NA,NA,NA,NA
Niklaus et al. 1998,207,NO3-,360,600,240,2,Switzerland,OTC,mg N g-1 soil,No,Fig. 6 (upper panel),NA,No,Grassland,NA,0.3179,0.1846,0.3626,0.2901,8,8,-0.5435,0.4713,0.3179,0.1846,0.3626,0.2901,-0.5435,0.4713,NA,NA,NA,NA,NA,NA
Niklaus et al. 1998,208,TIN,360,600,240,2,Switzerland,OTC,mg N g-1 soil,No,Fig. 6 (upper panel),NA,No,Grassland,NA,11.6728,7.4104,17.5218,2.5711,8,8,-0.4544,0.2967,11.6728,7.4104,17.5218,2.5711,-0.4544,0.2967,NA,NA,NA,NA,NA,NA
Rakshit et al. 2012,209,NO3-,370,650,280,0.3,India,GC,mg kg-1 soil,Fertillizer + warming,Fig. 2,"120 kg N ha-1; average of 0, 120 and 240",Yes,Cropland,Wheat,21.0811,17.973,2.1081,1.7973,3,3,-0.1595,0.0067,21.0811,17.973,2.1081,1.7973,-0.1595,0.0067,NA,NA,NA,NA,NA,NA
Reich et al. 2001,210,TIN,368,560,192,2,USA,FACE,g  m-2 ,Nitrogen,Table 7,Average across species,Yes,Grassland,NA,0.754,0.6145,0.0754,0.0615,3,3,-0.2046,0.0067,0.754,0.6145,0.0754,0.0615,-0.2046,0.0067,NA,NA,NA,NA,NA,NA
Ross et al. 2013,211,TIN,NA,475,NA,10,New Zealand,FACE,mg kg-1 soil,Fertillizer without N,Fig. 6e,NA,No,Grassland,NA,20.0179,19.552,2.8204,1.5196,3,3,-0.0235,0.0086,12.3656,10.693,1.3321,1.1156,-0.1453,0.0075,23.2975,23.3487,3.2327,1.7184,0.0022,0.0082
Schleppi et al. 2012,212,NO3-,350,NA,NA,8,Switzerland,FACE,mg bag-1,No,Fig. 5,Medium vs. Low,No,Forest,NA,0.7157,1.5719,1.0625,0.9739,12,12,0.7868,0.2156,NA,NA,NA,NA,NA,NA,0.7157,1.5719,1.0625,0.9739,0.7868,0.2156
Schleppi et al. 2012,213,NO3-,350,550,200,8,Switzerland,FACE,mg bag-1,No,Fig. 5,High vs. Low,No,Forest,NA,0.7157,2.5942,1.0625,0.9739,12,12,1.2878,0.1954,NA,NA,NA,NA,NA,NA,0.7157,2.5942,1.0625,0.9739,1.2878,0.1954
Tscherko et al. 2001,214,NH4+,NA,NA,200,0.8,NA,GC,mg kg-1,No,Table 3 & Table 3,Average across 3 generations,No,Grassland,NA,4.18,4.0433,1.8043,1.2876,6,6,-0.0333,0.048,4.18,4.0433,1.8043,1.2876,-0.0333,0.048,NA,NA,NA,NA,NA,NA
Tscherko et al. 2001,215,NH4+,NA,NA,200,0.8,NA,GC,mg kg-1,Warming,Table 3 & Table 3,Average across 3 generations,No,Grassland,NA,2.61,2.1933,0.4841,0.554,6,6,-0.1739,0.0164,2.61,2.1933,0.4841,0.554,-0.1739,0.0164,NA,NA,NA,NA,NA,NA
Tscherko et al. 2001,216,NO3-,NA,NA,200,0.8,NA,GC,mg kg-1,No,Table 3 & Table 3,Average across 3 generations,No,Grassland,NA,1.25,1.7267,0.3221,0.6923,6,6,0.3231,0.0379,1.25,1.7267,0.3221,0.6923,0.3231,0.0379,NA,NA,NA,NA,NA,NA
Tscherko et al. 2001,217,NO3-,NA,NA,200,0.8,NA,GC,mg kg-1,Warming,Table 3 & Table 3,Average across 3 generations,No,Grassland,NA,3.9433,1.84,0.5301,1.8884,6,6,-0.7623,0.1786,3.9433,1.84,0.5301,1.8884,-0.7623,0.1786,NA,NA,NA,NA,NA,NA
Tscherko et al. 2001,218,TIN,NA,NA,200,0.8,NA,GC,mg kg-1,No,Table 3 & Table 3,Average across 3 generations,No,Grassland,NA,5.43,5.77,1.8328,1.4619,6,6,0.0607,0.0297,5.43,5.77,1.8328,1.4619,0.0607,0.0297,NA,NA,NA,NA,NA,NA
Tscherko et al. 2001,219,TIN,NA,NA,200,0.8,NA,GC,mg kg-1,Warming,Table 3 & Table 3,Average across 3 generations,No,Grassland,NA,6.5533,4.0333,0.7178,1.968,6,6,-0.4854,0.0417,6.5533,4.0333,0.7178,1.968,-0.4854,0.0417,NA,NA,NA,NA,NA,NA
Williams et al. 2000,220,TIN,335,NA,NA,8,USA,OTC,g kg-1 soil,No,Fig. 6,NA,No,Grassland,Grass,3.1856,3.6315,0.3186,0.3632,3,3,0.131,0.0067,NA,NA,NA,NA,NA,NA,3.1856,3.6315,0.3186,0.3632,0.131,0.0067
Zak et al. 2007,221,NH4+,374,531,157,7,USA,FACE,g N m-2 land,O3; average of contral and O3,Table 2,NA,No,Forest,Across plant community type,0.39,0.36,0.2078,0.2252,3,3,-0.08,0.2251,NA,NA,NA,NA,NA,NA,0.39,0.36,0.2078,0.2252,-0.08,0.2251
Zak et al. 2007,222,NO3-,374,531,157,7,USA,FACE,g N m-2 land,O3; average of contral and O3,Table 2,NA,No,Forest,Across plant community type,0.11,0.09,0.0866,0.0866,3,3,-0.2007,0.5152,NA,NA,NA,NA,NA,NA,0.11,0.09,0.0866,0.0866,-0.2007,0.5152
Zak et al. 2007,223,TIN,374,531,157,7,USA,FACE,g N m-2 land,O3; average of contral and O3,Table 2,NA,No,Forest,Across plant community type,0.5,0.45,0.2252,0.2412,3,3,-0.1054,0.1634,NA,NA,NA,NA,NA,NA,0.5,0.45,0.2252,0.2412,-0.1054,0.1634
Zak et al. 1993,224,TIN,342,692,350,0.4,USA,OTC,mg N g-1 soil,Nitrogen,Table 3,4.5 g N m-2; Average across rhizosphere and bulk soil,Yes,Forest,Populus grandidentata,10.2,11.8,3.695,4.2796,4,4,0.1457,0.0657,10.2,11.8,3.695,4.2796,0.1457,0.0657,NA,NA,NA,NA,NA,NA
