Study ID ,Result ID,study_id,Response Variable,Disturbance Type,Specific Disturbance Type,Abiotic vs. Biotic ,Habitat,Functional Group,Functional Group of Removed/Invaded  species,Type of Study,Experimental Length (days),mean_ctrl,mean_trt,Control SE,Treatment SE,N_ctrl,N_trt,SD_ctrl,SD_trt,Control Variance,Treatment Variance,Mean RR,Mean lnRR,Variance RR,Variance lnRR,lnVarRR/MeanRR
1,1,Adams and Engelhardt,,,,,,,,,,,,,,,,,,,,,,,,
1,2,Adams and Engelhardt,,,,,,,,,,,,,,,,,,,,,,,,
2,3,Akhmetzhanova,,,,,,,,,,,,,,,,,,,,,,,,
2,4,Akhmetzhanova,,,,,,,,,,,,,,,,,,,,,,,,
3,5,Albins and Hixon,,,,,,,,,,,,,,,,,,,,,,,,
4,6,Alvarez and Cushman,,,,,,,,,,,,,,,,,,,,,,,,
4,7,Alvarez and Cushman,,,,,,,,,,,,,,,,,,,,,,,,
4,8,Alvarez and Cushman,,,,,,,,,,,,,,,,,,,,,,,,
5,9,Arthur et al. 2010,Diversity,Invasive Species,Invasion by tilapia non-native species,Biotic,Aquatic,Consumer,Consumer,Experimental,730,7.5,6.5,0.71,0.47,14,14,2.657,1.759,7.0574,3.0926,0.867,-0.143,0.438,-0.825,-0.682
6,10,Barton and Schmitz,,,,,,,,,,,,,,,,,,,,,,,,
6,11,Barton and Schmitz,,,,,,,,,,,,,,,,,,,,,,,,
6,12,Barton and Schmitz,,,,,,,,,,,,,,,,,,,,,,,,
7,13,Bartz et al. 2007,Abundance,Species Removal,Comparison on prairie dog inactive and active sites,Biotic,Terrestrial,Consumer,Consumer,Observational,730,11.7,10.6,4,2.8,15,15,15.492,10.844,240,117.6,0.906,-0.099,0.49,-0.713,-0.615
7,14,Bartz et al. 2007,Abundance,Species Removal,Comparison on prairie dog inactive and active sites,Biotic,Terrestrial,Producer,Consumer,Observational,730,52.9,62.8,3.9,3.8,15,15,15.105,14.717,228.15,216.6,1.187,0.172,0.949,-0.052,-0.224
7,15,Bartz et al. 2007,Diversity,Species Removal,Comparison on prairie dog inactive and active sites,Biotic,Terrestrial,Consumer,Consumer,Observational,730,2.1,2.5,0.3,0.3,15,15,1.162,1.162,1.35,1.35,1.19,0.174,1,0,-0.174
7,16,Bartz et al. 2007,Diversity,Species Removal,Comparison on prairie dog inactive and active sites,Biotic,Terrestrial,Producer,Consumer,Observational,730,6.8,8.2,1.2,1.2,15,15,4.648,4.648,21.6,21.6,1.206,0.187,1,0,-0.187
8,17,Baxter et al. 2004,Abundance,Invasive Species,Invasion by non-native rainbow trout,Biotic,Aquatic,Consumer,Consumer,Experimental,42,475,300,100,25,4,3,200,43.301,40000,1875,0.632,-0.46,0.047,-3.06,-2.601
8,18,Baxter et al. 2004,Abundance,Invasive Species,Invasion by non-native rainbow trout,Biotic,Aquatic,Consumer,Consumer,Experimental,42,3.5,2.25,0.4,0.15,4,3,0.8,0.26,0.64,0.0675,0.643,-0.442,0.105,-2.249,-1.808
8,19,Baxter et al. 2004,Abundance,Invasive Species,Invasion by non-native rainbow trout,Biotic,Aquatic,Consumer,Consumer,Experimental,42,0.14,0.05,0.015,0.01,4,3,0.03,0.017,0.0009,0.0003,0.357,-1.03,0.333,-1.099,-0.069
8,20,Baxter et al. 2004,Abundance,Invasive Species,Invasion by non-native rainbow trout,Biotic,Aquatic,Producer,Consumer,Experimental,42,5.25,8.75,0.5,0.75,4,3,1,1.299,1,1.6875,1.667,0.511,1.688,0.523,0.012
9,21,Beekey et al. 2004,Abundance,Invasive Species,Invasion of zebra mussels,Biotic,Aquatic,Consumer,Consumer,Experimental,60,3.75,5.5,0.2,0.2,7,7,0.529,0.529,0.28,0.28,1.467,0.383,1,0,-0.383
9,22,Beekey et al. 2004,Abundance,Invasive Species,Invasion of zebra mussels,Biotic,Aquatic,Consumer,Consumer,Experimental,60,4,8,0.1,1.2,7,7,0.265,3.175,0.07,10.08,2,0.693,144,4.97,4.277
9,23,Beekey et al. 2004,Diversity,Invasive Species,Invasion by zebra mussels,Biotic,Aquatic,Consumer,Consumer,Experimental,60,7.5,12.6,0.75,1.5,7,7,1.984,3.969,3.9375,15.75,1.68,0.519,4,1.386,0.868
9,24,Beekey et al. 2004,Diversity,Invasive Species,Invasion by zebra mussels,Biotic,Aquatic,Consumer,Consumer,Experimental,60,4,9,0.4,0.9,7,7,1.058,2.381,1.12,5.67,2.25,0.811,5.063,1.622,0.811
10,25,Biswas and Mallik,,,,,,,,,,,,,,,,,,,,,,,,
10,26,Biswas and Mallik,,,,,,,,,,,,,,,,,,,,,,,,
11,27,Bloor et al. 2010,Abundance,Temp. Increase,Elevated temp.,Abiotic,Terrestrial,Producer,--,Experimental,913,23.6,22.8,6.4,4.81,5,5,14.311,10.755,204.8,115.6805,0.966,-0.034,0.565,-0.571,-0.537
11,28,Bloor et al. 2010,Abundance,Temp. Increase,Elevated temp.,Abiotic,Terrestrial,Producer,--,Experimental,913,23.9,26.7,5.7,6.02,5,5,12.746,13.461,162.45,181.202,1.117,0.111,1.115,0.109,-0.002
12,29,Bonanomi et al. 2009,Abundance,Nutrient Addition,Nitrogen addition,Biotic,Terrestrial,Producer,--,Experimental,730,400,380,75,50,3,3,129.904,86.603,16875,7500,0.95,-0.051,0.444,-0.811,-0.76
12,30,Bonanomi et al. 2009,Diversity,Nutrient Addition,Nitrogen addition,Biotic,Terrestrial,Producer,--,Experimental,730,0.27,0.35,0.1,0.1,3,3,0.173,0.173,0.03,0.03,1.296,0.26,1,0,-0.26
13,31,Braschler and Baur,,,,,,,,,,,,,,,,,,,,,,,,
14,32,Braschler et al. 2003,Abundance,Habitat Disturbance,Habitat fragmentaion,Abiotic,Terrestrial,Consumer,--,Experimental,1095,0.22,0.18,0.35,0.18,36,36,2.1,1.08,4.41,1.1664,0.818,-0.201,0.264,-1.33,-1.129
14,33,Braschler et al. 2003,Abundance,Habitat Disturbance,Habitat fragmentaion,Abiotic,Terrestrial,Consumer,--,Experimental,1095,0.02,0.27,0.02,0.26,36,36,0.12,1.56,0.0144,2.4336,13.5,2.603,169,5.13,2.527
14,34,Braschler et al. 2003,Diversity,Habitat Disturbance,Habitat fragmentation ,Abiotic,Terrestrial,Consumer,--,Experimental,1095,3.11,4.11,0.72,0.66,9,9,2.16,1.98,4.6656,3.9204,1.322,0.279,0.84,-0.174,-0.453
15,35,Brock and Kelt,,,,,,,,,,,,,,,,,,,,,,,,
15,36,Brock and Kelt,,,,,,,,,,,,,,,,,,,,,,,,
16,37,Bruschetti et al. 2008,Abundance,Invasive Species,Invasive polychaete,Biotic,Aquatic,Producer,Consumer,Experimental,60,17,7.6,6.6,4,5,5,14.758,8.944,217.8,80,0.447,-0.805,0.367,-1.002,-0.196
16,38,Bruschetti et al. 2008,Abundance,Invasive Species,Invasive polychaete,Biotic,Aquatic,Producer,Consumer,Experimental,60,24.4,19.2,13.4,12.3,5,5,29.963,27.504,897.8,756.45,0.787,-0.24,0.843,-0.171,0.068
16,39,Bruschetti et al. 2008,Abundance,Invasive Species,Invasive polychaete,Biotic,Aquatic,Producer,Consumer,Experimental,90,30.2,24.2,12.1,14.5,5,5,27.056,32.423,732.05,1051.25,0.801,-0.221,1.436,0.362,0.583
17,40,Carey and Wahl,,,,,,,,,,,,,,,,,,,,,,,,
17,41,Carey and Wahl,,,,,,,,,,,,,,,,,,,,,,,,
17,42,Carey and Wahl,,,,,,,,,,,,,,,,,,,,,,,,
18,43,Chapin et al. 1995,Abundance,Nutrient Addition,Nitrogen addition,Abiotic,Terrestrial,Producer,--,Experimental,3285,51,66,12,24,20,20,53.666,107.331,2880,11520,1.294,0.258,4,1.386,1.128
18,44,Chapin et al. 1995,Abundance,Nutrient Addition,Nitrogen addition,Abiotic,Terrestrial,Producer,--,Experimental,3285,54,28,15,16,20,20,67.082,71.554,4500,5120,0.519,-0.657,1.138,0.129,0.786
18,45,Chapin et al. 1995,Abundance,Nutrient Addition,Nitrogen addition,Abiotic,Terrestrial,Producer,--,Experimental,3285,267,694,67,93,20,20,299.633,415.909,89780,172980,2.599,0.955,1.927,0.656,-0.299
18,46,Chapin et al. 1995,Abundance,Nutrient Addition,Nitrogen addition,Abiotic,Terrestrial,Producer,--,Experimental,3285,14,78,4,20,20,20,17.889,89.443,320,8000,5.571,1.718,25,3.219,1.501
18,47,Chapin et al. 1995,Abundance,Nutrient Addition,Nitrogen addition,Abiotic,Terrestrial,Producer,--,Experimental,3285,185,118,31,33,20,20,138.636,147.58,19220,21780,0.638,-0.45,1.133,0.125,0.575
18,48,Chapin et al. 1995,Abundance,Nutrient Addition,Nitrogen addition,Abiotic,Terrestrial,Producer,--,Experimental,3285,129,41,15,13,20,20,67.082,58.138,4500,3380,0.318,-1.146,0.751,-0.286,0.86
18,49,Chapin et al. 1995,Abundance,Nutrient Addition,Nitrogen addition,Abiotic,Terrestrial,Producer,--,Experimental,3285,51,101,12,34,20,20,53.666,152.053,2880,23120,1.98,0.683,8.028,2.083,1.4
18,50,Chapin et al. 1995,Abundance,Nutrient Addition,Nitrogen addition,Abiotic,Terrestrial,Producer,--,Experimental,3285,54,22,15,8,20,20,67.082,35.777,4500,1280,0.407,-0.898,0.284,-1.257,-0.359
18,51,Chapin et al. 1995,Abundance,Nutrient Addition,Nitrogen addition,Abiotic,Terrestrial,Producer,--,Experimental,3285,267,274,67,55,20,20,299.633,245.967,89780,60500,1.026,0.026,0.674,-0.395,-0.421
18,52,Chapin et al. 1995,Abundance,Nutrient Addition,Nitrogen addition,Abiotic,Terrestrial,Producer,--,Experimental,3285,14,33,4,12,20,20,17.889,53.666,320,2880,2.357,0.857,9,2.197,1.34
18,53,Chapin et al. 1995,Abundance,Nutrient Addition,Nitrogen addition,Abiotic,Terrestrial,Producer,--,Experimental,3285,185,271,31,31,20,20,138.636,138.636,19220,19220,1.465,0.382,1,0,-0.382
18,54,Chapin et al. 1995,Abundance,Nutrient Addition,Nitrogen addition,Abiotic,Terrestrial,Producer,--,Experimental,3285,129,160,15,23,20,20,67.082,102.859,4500,10580,1.24,0.215,2.351,0.855,0.64
19,55,Cherwin et al. 2008,Abundance,Nutrient Addition,Phosphorus Addition,Biotic,Terrestrial,Producer,--,Experimental,1825,60,65,5,7,14,14,18.708,26.192,350,686,1.083,0.08,1.96,0.673,0.593
19,56,Cherwin et al. 2008,Abundance,Nutrient Addition,Phosphorus Addition,Biotic,Terrestrial,Producer,--,Experimental,1825,10.5,6.5,4,2.5,14,14,14.967,9.354,224,87.5,0.619,-0.48,0.391,-0.94,-0.46
19,57,Cherwin et al. 2008,Abundance,Nutrient Addition,Phosphorus Addition,Biotic,Terrestrial,Producer,--,Experimental,1825,1,4.5,0.5,1.6,14,14,1.871,5.987,3.5,35.84,4.5,1.504,10.24,2.326,0.822
19,58,Cherwin et al. 2008,Diversity,Nutrient Addition,Phosphorus addition,Biotic,Terrestrial,Producer,--,Experimental,1825,9,9.5,1,0.8,14,14,3.742,2.993,14,8.96,1.056,0.054,0.64,-0.446,-0.5
19,59,Cherwin et al. 2008,Diversity,Species Removal,Chemically removed grass species,Biotic,Terrestrial,Producer,Producer,Experimental,1825,9,10.5,1,0.75,14,14,3.742,2.806,14,7.875,1.167,0.154,0.563,-0.575,-0.73
20,60,Cole et al. 2005,Abundance,Nutrient Addition,Nitrogen addition,Abiotic,Terrestrial,Consumer,--,Experimental,365,2038,1151,560,366,5,5,1252.198,818.401,1568000,669780,0.565,-0.571,0.427,-0.851,-0.279
20,61,Cole et al. 2005,Abundance,Nutrient Addition,Nitrogen addition,Abiotic,Terrestrial,Consumer,--,Experimental,365,496,600,99,196,5,5,221.371,438.269,49005,192080,1.21,0.19,3.92,1.366,1.176
20,62,Cole et al. 2005,Abundance,Nutrient Addition,Nitrogen addition,Abiotic,Terrestrial,Consumer,--,Experimental,365,196,347,62,101,5,5,138.636,225.843,19220,51005,1.77,0.571,2.654,0.976,0.405
20,63,Cole et al. 2005,Abundance,Nutrient Addition,Nitrogen addition,Abiotic,Terrestrial,Consumer,--,Experimental,365,23,24,12,9,5,5,26.833,20.125,720,405,1.043,0.043,0.563,-0.575,-0.618
20,64,Cole et al. 2005,Diversity,Nutrient Addition,Nitrogen addition,Abiotic,Terrestrial,Consumer,--,Experimental,365,30.3,32.7,3.02,2.09,5,5,6.753,4.673,45.602,21.8405,1.079,0.076,0.479,-0.736,-0.812
21,65,Cole et al. 2008,Abundance,Nutrient Addition,Nitrogen addition,Abiotic,Terrestrial,Producer,--,Experimental,730,280,415,20,35,5,5,44.721,78.262,2000,6125,1.482,0.393,3.063,1.119,0.726
21,66,Cole et al. 2008,Diversity,Nutrient Addition,Nitrogen addition,Abiotic,Terrestrial,Producer,--,Experimental,730,1.7,1.5,0.2,0.2,5,5,0.447,0.447,0.2,0.2,0.882,-0.125,1,0,0.125
22,67,Collinge,,,,,,,,,,,,,,,,,,,,,,,,
23,68,Como et al. 2004,Abundance,Species Removal,Excluded fish predators using cages,Biotic,Aquatic,Consumer,Consumer,Experimental,56,45,40,4,10,6,6,9.798,24.495,96,600,0.889,-0.118,6.25,1.833,1.95
23,69,Como et al. 2004,Abundance,Species Removal,Excluded fish predators using cages,Biotic,Aquatic,Consumer,Consumer,Experimental,56,95,25,24,10,6,6,58.788,24.495,3456,600,0.263,-1.335,0.174,-1.751,-0.416
23,70,Como et al. 2004,Abundance,Species Removal,Excluded fish predators using cages,Biotic,Aquatic,Consumer,Consumer,Experimental,56,85,45,12,12,6,6,29.394,29.394,864,864,0.529,-0.636,1,0,0.636
24,71,Correia and Anastacio,,,,,,,,,,,,,,,,,,,,,,,,
24,72,Correia and Anastacio,,,,,,,,,,,,,,,,,,,,,,,,
24,73,Correia and Anastacio,,,,,,,,,,,,,,,,,,,,,,,,
24,74,Correia and Anastacio,,,,,,,,,,,,,,,,,,,,,,,,
24,75,Correia and Anastacio,,,,,,,,,,,,,,,,,,,,,,,,
24,76,Correia and Anastacio,,,,,,,,,,,,,,,,,,,,,,,,
25,77,Cross and Harte,,,,,,,,,,,,,,,,,,,,,,,,
26,78,Drouin et al. 2011,Abundance,Invasive Species,Invasion of Codium,Biotic,Aquatic,Consumer,Producer,Experimental,63,275,490,90,120,5,5,201.246,268.328,40500,72000,1.782,0.578,1.778,0.575,-0.002
26,79,Drouin et al. 2011,Abundance,Invasive Species,Invasion by Codium,Biotic,Aquatic,Consumer,Producer,Experimental,63,65,90,10,15,5,5,22.361,33.541,500,1125,1.385,0.325,2.25,0.811,0.486
26,80,Drouin et al. 2011,Abundance,Invasive Species,Invasion by Codium,Biotic,Aquatic,Consumer,Producer,Experimental,63,82,41,19,7,5,5,42.485,15.652,1805,245,0.5,-0.693,0.136,-1.997,-1.304
26,81,Drouin et al. 2011,Diversity,Invasive Species,Invasion by Codium,Biotic,Aquatic,Consumer,Producer,Experimental,63,14,15.5,0.9,1.2,5,5,2.012,2.683,4.05,7.2,1.107,0.102,1.778,0.575,0.474
26,82,Drouin et al. 2011,Diversity,Invasive Species,Invasion by Codium,Biotic,Aquatic,Consumer,Producer,Experimental,63,4.25,4.9,0.5,0.5,5,5,1.118,1.118,1.25,1.25,1.153,0.142,1,0,-0.142
26,83,Drouin et al. 2011,Diversity,Invasive Species,Invasion by Codium,Biotic,Aquatic,Consumer,Producer,Experimental,63,3.5,3.75,0.4,0.3,5,5,0.894,0.671,0.8,0.45,1.071,0.069,0.563,-0.575,-0.644
27,84,Dumbrell et al. 2001,Abundance,Habitat Disturbance,Logging,Abiotic,Terrestrial,Consumer,--,Observational,--,46,43.76,3.42,3.3,25,25,17.1,16.5,292.41,272.25,0.951,-0.05,0.931,-0.071,-0.022
27,85,Dumbrell et al. 2001,Diversity,Habitat Disturbance,Logging,Abiotic,Terrestrial,Consumer,--,Observational,--,14.64,13.44,0.72,0.68,25,25,3.6,3.4,12.96,11.56,0.918,-0.086,0.892,-0.114,-0.029
28,86,Fischer et al. 2009,Abundance,Invasive Species,Invasion by Chincona (a non-native tree species) in forest type 1,Biotic,Terrestrial,Producer,Producer,Observational,--,50,42,13,5,7,7,34.395,13.229,1183,175,0.84,-0.174,0.148,-1.911,-1.737
28,87,Fischer et al. 2009,Abundance,Nutrient Addition,Invasion by Chincona (a non-native tree species) in forest type 2,Biotic,Terrestrial,Producer,Producer,Observational,--,55,43,10,8,7,7,26.458,21.166,700,448,0.782,-0.246,0.64,-0.446,-0.2
28,88,Fischer et al. 2009,Abundance,Nutrient Addition,Invasion by Chincona (a non-native tree species) in forest type 3,Biotic,Terrestrial,Producer,Producer,Observational,--,36,25,16,14,7,7,42.332,37.041,1792,1372,0.694,-0.365,0.766,-0.267,0.098
28,89,Fischer et al. 2009,Diversity,Invasive Species,Invasion by Chincona (a non-native tree species) in forest type 1,Biotic,Terrestrial,Producer,Producer,Observational,--,9.8,13.5,2.5,1.75,7,7,6.614,4.63,43.75,21.4375,1.378,0.32,0.49,-0.713,-1.034
28,90,Fischer et al. 2009,Diversity,Invasive Species,Invasion by Chincona (a non-native tree species) in forest type 2,Biotic,Terrestrial,Producer,Producer,Observational,--,6.2,7.8,0.5,1,7,7,1.323,2.646,1.75,7,1.258,0.23,4,1.386,1.157
28,91,Fischer et al. 2009,Diversity,Invasive Species,Invasion by Chincona (a non-native tree species) in forest type 3,Biotic,Terrestrial,Producer,Producer,Observational,--,8.5,11,0.5,1.75,7,7,1.323,4.63,1.75,21.4375,1.294,0.258,12.25,2.506,2.248
29,92,Flory and Clay,,,,,,,,,,,,,,,,,,,,,,,,
29,93,Flory and Clay,,,,,,,,,,,,,,,,,,,,,,,,
30,94,Gedan and Bertness,,,,,,,,,,,,,,,,,,,,,,,,
30,95,Gedan and Bertness,,,,,,,,,,,,,,,,,,,,,,,,
30,96,Gedan and Bertness,,,,,,,,,,,,,,,,,,,,,,,,
31,97,Gendron and Wilson,,,,,,,,,,,,,,,,,,,,,,,,
31,98,Gendron and Wilson,,,,,,,,,,,,,,,,,,,,,,,,
32,99,Gherardi and Acquistapace,,,,,,,,,,,,,,,,,,,,,,,,
32,100,Gherardi and Acquistapace,,,,,,,,,,,,,,,,,,,,,,,,
32,101,Gherardi and Acquistapace,,,,,,,,,,,,,,,,,,,,,,,,
32,102,Gherardi and Acquistapace,,,,,,,,,,,,,,,,,,,,,,,,
32,103,Gherardi and Acquistapace,,,,,,,,,,,,,,,,,,,,,,,,
33,104,Gibb and Hochuli,,,,,,,,,,,,,,,,,,,,,,,,
33,105,Gibb and Hochuli,,,,,,,,,,,,,,,,,,,,,,,,
33,106,Gibb and Hochuli,,,,,,,,,,,,,,,,,,,,,,,,
33,107,Gibb and Hochuli,,,,,,,,,,,,,,,,,,,,,,,,
33,108,Gibb and Hochuli,,,,,,,,,,,,,,,,,,,,,,,,
33,109,Gibb and Hochuli,,,,,,,,,,,,,,,,,,,,,,,,
33,110,Gibb and Hochuli,,,,,,,,,,,,,,,,,,,,,,,,
34,111,Gonzalez and Chaneton,,,,,,,,,,,,,,,,,,,,,,,,
34,112,Gonzalez and Chaneton,,,,,,,,,,,,,,,,,,,,,,,,
35,113,Gonzalez,,,,,,,,,,,,,,,,,,,,,,,,
36,114,Griffen and Byers,,,,,,,,,,,,,,,,,,,,,,,,
36,115,Griffen and Byers,,,,,,,,,,,,,,,,,,,,,,,,
36,116,Griffen and Byers,,,,,,,,,,,,,,,,,,,,,,,,
36,117,Griffen and Byers,,,,,,,,,,,,,,,,,,,,,,,,
36,118,Griffen and Byers,,,,,,,,,,,,,,,,,,,,,,,,
36,119,Griffen and Byers,,,,,,,,,,,,,,,,,,,,,,,,
36,120,Griffen and Byers,,,,,,,,,,,,,,,,,,,,,,,,
36,121,Griffen and Byers,,,,,,,,,,,,,,,,,,,,,,,,
36,122,Griffen and Byers,,,,,,,,,,,,,,,,,,,,,,,,
36,123,Griffen and Byers,,,,,,,,,,,,,,,,,,,,,,,,
36,124,Griffen and Byers,,,,,,,,,,,,,,,,,,,,,,,,
36,125,Griffen and Byers,,,,,,,,,,,,,,,,,,,,,,,,
36,126,Griffen and Byers,,,,,,,,,,,,,,,,,,,,,,,,
36,127,Griffen and Byers,,,,,,,,,,,,,,,,,,,,,,,,
36,128,Griffen and Byers,,,,,,,,,,,,,,,,,,,,,,,,
36,129,Griffen and Byers,,,,,,,,,,,,,,,,,,,,,,,,
36,130,Griffen and Byers,,,,,,,,,,,,,,,,,,,,,,,,
36,131,Griffen and Byers,,,,,,,,,,,,,,,,,,,,,,,,
36,132,Griffen and Byers,,,,,,,,,,,,,,,,,,,,,,,,
36,133,Griffen and Byers,,,,,,,,,,,,,,,,,,,,,,,,
36,134,Griffen and Byers,,,,,,,,,,,,,,,,,,,,,,,,
36,135,Griffen and Byers,,,,,,,,,,,,,,,,,,,,,,,,
36,136,Griffen and Byers,,,,,,,,,,,,,,,,,,,,,,,,
36,137,Griffen and Byers,,,,,,,,,,,,,,,,,,,,,,,,
36,138,Griffen and Byers,,,,,,,,,,,,,,,,,,,,,,,,
36,139,Griffen and Byers,,,,,,,,,,,,,,,,,,,,,,,,
37,140,Gruner and Taylor,,,,,,,,,,,,,,,,,,,,,,,,
37,141,Gruner and Taylor,,,,,,,,,,,,,,,,,,,,,,,,
37,142,Gruner and Taylor,,,,,,,,,,,,,,,,,,,,,,,,
37,143,Gruner and Taylor,,,,,,,,,,,,,,,,,,,,,,,,
37,144,Gruner and Taylor,,,,,,,,,,,,,,,,,,,,,,,,
37,145,Gruner and Taylor,,,,,,,,,,,,,,,,,,,,,,,,
37,146,Gruner and Taylor,,,,,,,,,,,,,,,,,,,,,,,,
37,147,Gruner and Taylor,,,,,,,,,,,,,,,,,,,,,,,,
37,148,Gruner and Taylor,,,,,,,,,,,,,,,,,,,,,,,,
37,149,Gruner and Taylor,,,,,,,,,,,,,,,,,,,,,,,,
37,150,Gruner and Taylor,,,,,,,,,,,,,,,,,,,,,,,,
37,151,Gruner and Taylor,,,,,,,,,,,,,,,,,,,,,,,,
38,152,Healey and Hovel,,,,,,,,,,,,,,,,,,,,,,,,
38,153,Healey and Hovel,,,,,,,,,,,,,,,,,,,,,,,,
39,154,Heck et al. 2006,Abundance,Nutrient Addition,Nitrogen addition,Abiotic,Aquatic,Producer,--,Experimental,139,9.5,3.5,5,3,6,6,12.247,7.348,150,54,0.368,-0.999,0.36,-1.022,-0.023
39,155,Heck et al. 2006,Abundance,Nutrient Addition,Nitrogen addition,Abiotic,Aquatic,Producer,--,Experimental,139,3.7,3.4,0.3,0.6,6,6,0.735,1.47,0.54,2.16,0.919,-0.085,4,1.386,1.471
39,156,Heck et al. 2006,Abundance,Nutrient Addition,Nitrogen addition,Abiotic,Aquatic,Consumer,--,Experimental,139,4000,3000,2250,3750,6,6,5511.352,9185.587,30375000,84375000,0.75,-0.288,2.778,1.022,1.309
40,157,Hedja and Pysek,,,,,,,,,,,,,,,,,,,,,,,,
41,158,Hogsden et al. 2007,Abundance,Invasive Species,Invasion by non-native macrophyte species,Biotic,Aquatic,Producer,Producer,Observational,--,165,202,35,30,9,9,105,90,11025,8100,1.224,0.202,0.735,-0.308,-0.511
41,159,Hogsden et al. 2007,Abundance,Invasive Species,Invasion by non-native macrophyte species,Biotic,Aquatic,Consumer,Producer,Observational,--,5.95,1.02,1.31,1.02,9,9,3.93,3.06,15.4449,9.3636,0.171,-1.764,0.606,-0.5,1.263
41,160,Hogsden et al. 2007,Abundance,Invasive Species,Invasion by non-native macrophyte species,Biotic,Aquatic,Producer,Producer,Observational,--,821,1535,109,231,9,9,327,693,106929,480249,1.87,0.626,4.491,1.502,0.876
41,161,Hogsden et al. 2007,Diversity,Invasive Species,Invasion by non-native macrophyte species,Biotic,Aquatic,Producer,Producer,Observational,--,0.36,0.28,0.08,0.05,9,9,0.24,0.15,0.0576,0.0225,0.778,-0.251,0.391,-0.94,-0.689
41,162,Hogsden et al. 2007,Diversity,Invasive Species,Invasion by non-native macrophyte species,Biotic,Aquatic,Consumer,Producer,Observational,--,1.54,1.48,0.05,0.09,9,9,0.15,0.27,0.0225,0.0729,0.961,-0.04,3.24,1.176,1.215
41,163,Hogsden et al. 2007,Diversity,Invasive Species,Invasion by non-native macrophyte species,Biotic,Aquatic,Producer,Producer,Observational,--,2.7,2.57,0.2,0.04,9,9,0.6,0.12,0.36,0.0144,0.952,-0.049,0.04,-3.219,-3.17
42,164,Hollebone and Hay,,,,,,,,,,,,,,,,,,,,,,,,
42,165,Hollebone and Hay,,,,,,,,,,,,,,,,,,,,,,,,
42,166,Hollebone and Hay,,,,,,,,,,,,,,,,,,,,,,,,
42,167,Hollebone and Hay,,,,,,,,,,,,,,,,,,,,,,,,
42,168,Hollebone and Hay,,,,,,,,,,,,,,,,,,,,,,,,
42,169,Hollebone and Hay,,,,,,,,,,,,,,,,,,,,,,,,
42,170,Hollebone and Hay,,,,,,,,,,,,,,,,,,,,,,,,
42,171,Hollebone and Hay,,,,,,,,,,,,,,,,,,,,,,,,
43,172,Hughes,,,,,,,,,,,,,,,,,,,,,,,,
43,173,Hughes,,,,,,,,,,,,,,,,,,,,,,,,
44,174,Johnson et al. 2009,Abundance,Invasive Species,Invasion by non-native snail (Chinese Mystery Snail),Biotic,Aquatic,Producer,Consumer,Experimental,56,0.33,0.16,0.04,0.03,6,6,0.098,0.073,0.0096,0.0054,0.485,-0.724,0.563,-0.575,0.149
44,175,Johnson et al. 2009,Abundance,Invasive Species,Invasion by non-native crayfish (Rusty Crayfish),Biotic,Aquatic,Producer,Consumer,Experimental,56,0.33,0.46,0.04,0.07,6,6,0.098,0.171,0.0096,0.0294,1.394,0.332,3.063,1.119,0.787
45,176,Kardol et al. 2010,Abundance,Temp. Increase,Elevated temp.,Abiotic,Terrestrial,Consumer,--,Experimental,1460,85,20,60,25,3,3,103.923,43.301,10800,1875,0.235,-1.447,0.174,-1.751,-0.304
45,177,Kardol et al. 2010,Abundance,Temp. Increase,Elevated temp.,Abiotic,Terrestrial,Consumer,--,Experimental,1460,160,175,20,45,3,3,34.641,77.942,1200,6075,1.094,0.09,5.063,1.622,1.532
45,178,Kardol et al. 2010,Abundance,Temp. Increase,Elevated temp.,Abiotic,Terrestrial,Consumer,--,Experimental,1460,59,45,12,15,3,3,20.785,25.981,432,675,0.763,-0.271,1.563,0.446,0.717
45,179,Kardol et al. 2010,Abundance,Temp. Increase,Elevated temp.,Abiotic,Terrestrial,Consumer,--,Experimental,1460,62,35,37,10,3,3,64.086,17.321,4107,300,0.565,-0.572,0.073,-2.617,-2.045
45,180,Kardol et al. 2010,Abundance,Temp. Increase,Elevated temp.,Abiotic,Terrestrial,Consumer,--,Experimental,1460,25,8,36,4,3,3,62.354,6.928,3888,48,0.32,-1.139,0.012,-4.394,-3.255
46,181,Khan et al. 2003,Abundance,Invasive Species,Invasion of ponds by non-native carp,Biotic,Aquatic,Consumer,Consumer,Experimental,30,57,23,4,8,3,3,6.928,13.856,48,192,0.404,-0.908,4,1.386,2.294
46,182,Khan et al. 2003,Abundance,Nutrient Addition,Fertilizer treatment,Abiotic,Aquatic,Consumer,--,Experimental,30,57,24,4,5,3,3,6.928,8.66,48,75,0.421,-0.865,1.563,0.446,1.311
46,183,Khan et al. 2003,Abundance,Nutrient Addition,Fertilizer treatment,Abiotic,Aquatic,Producer,--,Experimental,30,162,171,27,57,3,3,46.765,98.727,2187,9747,1.056,0.054,4.457,1.494,1.44
46,184,Khan et al. 2003,Abundance,Invasive Species,Invasion of ponds by non-native carp,Biotic,Aquatic,Producer,Consumer,Experimental,30,162,6431,27,1934,3,3,46.765,3349.786,2187,11221068,39.698,3.681,5130.804,8.543,4.862
47,185,Klanderud and Totland,,,,,,,,,,,,,,,,,,,,,,,,
47,186,Klanderud and Totland,,,,,,,,,,,,,,,,,,,,,,,,
47,187,Klanderud and Totland,,,,,,,,,,,,,,,,,,,,,,,,
47,188,Klanderud and Totland,,,,,,,,,,,,,,,,,,,,,,,,
48,189,Klein et al. 2004,Diversity,Temp. Increase,Experimental warming,Abiotic,Terrestrial,Producer,--,Experimental,1460,35,25.5,1.5,2,4,4,3,4,9,16,0.729,-0.317,1.778,0.575,0.892
49,190,Knoll et al. 2008,Abundance,Invasive Species,Invasion by zebra mussel,Biotic,Aquatic,Producer,Consumer,Experimental,19,50.8,35.3,4.45,4.96,19,20,19.397,22.182,376.2475,492.032,0.695,-0.364,1.308,0.268,0.632
50,191,Leniere and Houle,,,,,,,,,,,,,,,,,,,,,,,,
50,192,Leniere and Houle,,,,,,,,,,,,,,,,,,,,,,,,
50,193,Leniere and Houle,,,,,,,,,,,,,,,,,,,,,,,,
50,194,Leniere and Houle,,,,,,,,,,,,,,,,,,,,,,,,
50,195,Leniere and Houle,,,,,,,,,,,,,,,,,,,,,,,,
50,196,Leniere and Houle,,,,,,,,,,,,,,,,,,,,,,,,
50,197,Leniere and Houle,,,,,,,,,,,,,,,,,,,,,,,,
50,198,Leniere and Houle,,,,,,,,,,,,,,,,,,,,,,,,
51,199,Lindberg and Persson,,,,,,,,,,,,,,,,,,,,,,,,
51,200,Lindberg and Persson,,,,,,,,,,,,,,,,,,,,,,,,
51,201,Lindberg and Persson,,,,,,,,,,,,,,,,,,,,,,,,
51,202,Lindberg and Persson,,,,,,,,,,,,,,,,,,,,,,,,
51,203,Lindberg and Persson,,,,,,,,,,,,,,,,,,,,,,,,
51,204,Lindberg and Persson,,,,,,,,,,,,,,,,,,,,,,,,
52,205,Lu et al. 2010,Abundance,Nutrient Addition,Nitrogen addition (average of 3 levels),Abiotic,Terrestrial,Producer,--,Experimental,1825,5.5,1.56,0.58,0.67,3,3,1.005,1.16,1.0092,1.3467,0.284,-1.26,1.334,0.288,1.549
52,206,Lu et al. 2010,Abundance,Nutrient Addition,Nitrogen addition (average of 3 levels),Abiotic,Terrestrial,Producer,--,Experimental,1825,3.33,1.23,0.67,0.31,3,3,1.16,0.537,1.3467,0.2883,0.369,-0.996,0.214,-1.541,-0.545
52,207,Lu et al. 2010,Abundance,Nutrient Addition,Nitrogen addition (average of 3 levels),Abiotic,Terrestrial,Producer,--,Experimental,1825,0.67,0.56,0.44,0.34,3,3,0.762,0.589,0.5808,0.3468,0.836,-0.179,0.597,-0.516,-0.336
52,208,Lu et al. 2010,Abundance,Nutrient Addition,Nitrogen addition (average of 3 levels),Abiotic,Terrestrial,Producer,--,Experimental,1825,1,0.28,0.58,0.28,3,3,1.005,0.485,1.0092,0.2352,0.28,-1.273,0.233,-1.456,-0.184
52,209,Lu et al. 2010,Abundance,Nutrient Addition,Nitrogen addition (average of 3 levels),Abiotic,Terrestrial,Producer,--,Experimental,1825,1.17,0.39,0.93,0.26,3,3,1.611,0.45,2.5947,0.2028,0.333,-1.099,0.078,-2.549,-1.45
52,210,Lu et al. 2010,Diversity,Nutrient Addition,Addition of nitrogen ,Abiotic,Terrestrial,Producer,--,Experimental,1825,8.25,2.73,0.5,0.75,3,3,0.866,1.299,0.75,1.6875,0.331,-1.106,2.25,0.811,1.917
53,211,Lyons and Schwartz,,,,,,,,,,,,,,,,,,,,,,,,
54,212,Martin et al. 2009,Abundance,Invasive Species,Invasion by a non-native plant species,Biotic,Terrestrial,Producer,Producer,Observational,--,1.1,4.3,0.4,1.1,7,7,1.058,2.91,1.12,8.47,3.909,1.363,7.563,2.023,0.66
54,213,Martin et al. 2009,Abundance,Invasive Species,Invasion by a non-native plant species,Biotic,Terrestrial,Producer,Producer,Observational,--,2.1,0.5,0.6,0.08,7,7,1.587,0.212,2.52,0.0448,0.238,-1.435,0.018,-4.03,-2.595
55,214,McCauley et al. 2010,Abundance,Species Removal,Removal of large predatory fish,Biotic,Aquatic,Producer,Consumer,Experimental,150,15,11,2.5,3,4,4,5,6,25,36,0.733,-0.31,1.44,0.365,0.675
55,215,McCauley et al. 2010,Abundance,Species Removal,Removal of large predatory fish,Biotic,Aquatic,Producer,Consumer,Experimental,150,51,74,3.5,4,4,4,7,8,49,64,1.451,0.372,1.306,0.267,-0.105
56,216,McGeoch et al. 2006,Abundance,Temp. Increase,Experimental warming,Abiotic,Terrestrial,Consumer,--,Experimental,390,5.5,1.7,0.5,0.3,16,16,2,1.2,4,1.44,0.309,-1.174,0.36,-1.022,0.152
56,217,McGeoch et al. 2006,Abundance,Temp. Increase,Experimental warming,Abiotic,Terrestrial,Consumer,--,Experimental,390,60,80,3,9,16,16,12,36,144,1296,1.333,0.288,9,2.197,1.91
57,218,Moran et al. 2010,Abundance,Nutrient Addition,Nitrogen addition,Abiotic,Aquatic,Producer,--,Experimental,730,2050,1700,450,475,4,4,900,950,810000,902500,0.829,-0.187,1.114,0.108,0.295
57,219,Moran et al. 2010,Abundance,Nutrient Addition,Nitrogen addition,Abiotic,Aquatic,Producer,--,Experimental,730,250,400,200,225,4,4,400,450,160000,202500,1.6,0.47,1.266,0.236,-0.234
57,220,Moran et al. 2010,Abundance,Nutrient Addition,Nitrogen addition,Abiotic,Aquatic,Consumer,--,Experimental,730,1.75,0.49,0.05,0.38,4,4,0.1,0.76,0.01,0.5776,0.28,-1.273,57.76,4.056,5.329
57,221,Moran et al. 2010,Abundance,Temp. Increase,Experimental warming,Abiotic,Aquatic,Producer,--,Experimental,730,1750,1800,300,500,4,4,600,1000,360000,1000000,1.029,0.028,2.778,1.022,0.993
57,222,Moran et al. 2010,Abundance,Temp. Increase,Experimental warming,Abiotic,Aquatic,Producer,--,Experimental,730,75,700,30,200,4,4,60,400,3600,160000,9.333,2.234,44.444,3.794,1.561
57,223,Moran et al. 2010,Abundance,Temp. Increase,Experimental warming,Abiotic,Aquatic,Consumer,--,Experimental,730,1.75,0.8,0.05,0.65,4,4,0.1,1.3,0.01,1.69,0.457,-0.783,169,5.13,5.913
58,224,Moss et al. 2003,Diversity,Nutrient Addition,Addition of nutrients,Abiotic,Aquatic,Producer,--,Experimental,730,28.5,28.8,3.1,2.95,4,4,6.2,5.9,38.44,34.81,1.011,0.01,0.906,-0.099,-0.11
58,225,Moss et al. 2003,Diversity,Temp. Increase,Experimental warming,Abiotic,Aquatic,Producer,--,Experimental,730,28.5,31.5,3.1,1.7,4,4,6.2,3.4,38.44,11.56,1.105,0.1,0.301,-1.202,-1.302
59,226,O'Connor and Crowe,,,,,,,,,,,,,,,,,,,,,,,,
60,227,Parker and MacNally,,,,,,,,,,,,,,,,,,,,,,,,
60,228,Parker and MacNally,,,,,,,,,,,,,,,,,,,,,,,,
61,229,Pawson et al. 2010,Diversity,Invasive Species,Invasion by a conifer,Biotic,Terrestrial,Consumer,Producer,Experimental,20,28.5,20.8,6.5,4.2,3,3,11.258,7.275,126.75,52.92,0.73,-0.315,0.418,-0.873,-0.558
62,230,Pearson,,,,,,,,,,,,,,,,,,,,,,,,
63,231,Piazzi and Balata,,,,,,,,,,,,,,,,,,,,,,,,
63,232,Piazzi and Balata,,,,,,,,,,,,,,,,,,,,,,,,
63,233,Piazzi and Balata,,,,,,,,,,,,,,,,,,,,,,,,
63,234,Piazzi and Balata,,,,,,,,,,,,,,,,,,,,,,,,
63,235,Piazzi and Balata,,,,,,,,,,,,,,,,,,,,,,,,
63,236,Piazzi and Balata,,,,,,,,,,,,,,,,,,,,,,,,
64,237,Prieto et al. 2009,Abundance,Temp. Increase,Experimental warming,Abiotic,Terrestrial,Producer,--,Experimental,2555,2.9,1,0.8,0.3,3,3,1.386,0.52,1.92,0.27,0.345,-1.065,0.141,-1.962,-0.897
64,238,Prieto et al. 2009,Abundance,Temp. Increase,Experimental warming,Abiotic,Terrestrial,Producer,--,Experimental,2555,78,91.5,3.5,3,3,3,6.062,5.196,36.75,27,1.173,0.16,0.735,-0.308,-0.468
64,239,Prieto et al. 2009,Abundance,Temp. Increase,Experimental warming,Abiotic,Terrestrial,Producer,--,Experimental,2555,18,7.5,4,4.25,3,3,6.928,7.361,48,54.1875,0.417,-0.875,1.129,0.121,0.997
64,240,Prieto et al. 2009,Diversity,Temp. Increase,Experimental warming,Abiotic,Terrestrial,Producer,--,Experimental,2555,7,7.5,0.85,0.3,3,3,1.472,0.52,2.1675,0.27,1.071,0.069,0.125,-2.083,-2.152
65,241,Rantalainen et al. 2006,Abundance,Habitat Disturbance,Fragmentation,Abiotic,Terrestrial,Consumer,--,Experimental,850,5.5,3.8,7.7,4.9,8,8,21.779,13.859,474.32,192.08,0.691,-0.37,0.405,-0.904,-0.534
65,242,Rantalainen et al. 2006,Diversity,Habitat Disturbance,Fragmentation,Abiotic,Terrestrial,Consumer,--,Experimental,850,11,7.5,3.4,3.9,8,8,9.617,11.031,92.48,121.68,0.682,-0.383,1.316,0.274,0.657
66,243,Rixen and Mulder,,,,,,,,,,,,,,,,,,,,,,,,
66,244,Rixen and Mulder,,,,,,,,,,,,,,,,,,,,,,,,
67,245,Rodil et al. 2008,Abundance,Invasive Species,Non-native seaweed forming wracks compared to native seaweed wracks,Biotic,Aquatic,Consumer,Producer,Experimental,21,25,30,5,2.5,3,3,8.66,4.33,75,18.75,1.2,0.182,0.25,-1.386,-1.569
67,246,Rodil et al. 2008,Diversity,Invasive Species,Non-native seaweed forming wracks compared to native seaweed wracks,Biotic,Aquatic,Consumer,Producer,Experimental,21,5,4.2,1.1,2,3,3,1.905,3.464,3.63,12,0.84,-0.174,3.306,1.196,1.37
68,247,Roem et al. 2002,Abundance,Nutrient Addition,Nitrogen addition,Abiotic,Terrestrial,Producer,--,Experimental,1825,275,400,75,125,8,8,212.132,353.553,45000,125000,1.455,0.375,2.778,1.022,0.647
68,248,Roem et al. 2002,Diversity,Nutrient Addition,Nitrogen addition,Abiotic,Terrestrial,Producer,--,Experimental,1825,6,4.75,0.75,0.3,8,8,2.121,0.849,4.5,0.72,0.792,-0.234,0.16,-1.833,-1.599
69,249,Sharpe and Keough,,,,,,,,,,,,,,,,,,,,,,,,
69,250,Sharpe and Keough,,,,,,,,,,,,,,,,,,,,,,,,
70,251,Sieben et al. 2011,Abundance,Species Removal,Removal of top fish predators (cage exclusions),Biotic,Aquatic,Consumer,Consumer,Experimental,84,1.1,0.75,0.25,0.25,5,5,0.559,0.559,0.3125,0.3125,0.682,-0.383,1,0,0.383
70,252,Sieben et al. 2011,Abundance,Species Removal,Removal of top fish predators (cage exclusions),Biotic,Aquatic,Producer,Consumer,Experimental,84,0.02,0.03,0.01,0.015,5,5,0.022,0.034,0.0005,0.001125,1.5,0.405,2.25,0.811,0.405
70,253,Sieben et al. 2011,Abundance,Species Removal,Removal of top fish predators (cage exclusions),Biotic,Aquatic,Consumer,Consumer,Experimental,84,0.047,0.035,0.014,0.02,5,5,0.031,0.045,0.00098,0.002,0.745,-0.295,2.041,0.713,1.008
70,254,Sieben et al. 2011,Abundance,Species Removal,Removal of top fish predators (cage exclusions),Biotic,Aquatic,Consumer,Consumer,Experimental,84,0.041,0.017,0.007,0.003,5,5,0.016,0.007,0.000245,0.000045,0.415,-0.88,0.184,-1.695,-0.814
70,255,Sieben et al. 2011,Abundance,Species Removal,Removal of top fish predators (cage exclusions),Biotic,Aquatic,Consumer,Consumer,Experimental,84,0.5,0.415,0.07,0.06,5,5,0.157,0.134,0.0245,0.018,0.83,-0.186,0.735,-0.308,-0.122
70,256,Sieben et al. 2011,Abundance,Nutrient Addition,Addition of fertilizer,Abiotic,Aquatic,Consumer,--,Experimental,84,1.1,0.6,0.25,0.2,5,5,0.559,0.447,0.3125,0.2,0.545,-0.606,0.64,-0.446,0.16
70,257,Sieben et al. 2011,Abundance,Nutrient Addition,Addition of fertilizer,Abiotic,Aquatic,Consumer,--,Experimental,84,0.02,0.215,0.01,0.06,5,5,0.022,0.134,0.0005,0.018,10.75,2.375,36,3.584,1.209
70,258,Sieben et al. 2011,Abundance,Nutrient Addition,Addition of fertilizer,Abiotic,Aquatic,Consumer,--,Experimental,84,0.047,0.078,0.014,0.022,5,5,0.031,0.049,0.00098,0.00242,1.66,0.507,2.469,0.904,0.397
70,259,Sieben et al. 2011,Abundance,Nutrient Addition,Addition of fertilizer,Abiotic,Aquatic,Consumer,--,Experimental,84,0.041,0.038,0.007,0.024,5,5,0.016,0.054,0.000245,0.00288,0.927,-0.076,11.755,2.464,2.54
70,260,Sieben et al. 2011,Abundance,Nutrient Addition,Addition of fertilizer,Abiotic,Aquatic,Consumer,--,Experimental,84,0.5,0.48,0.07,0.12,5,5,0.157,0.268,0.0245,0.072,0.96,-0.041,2.939,1.078,1.119
71,261,Simao et al. 2010,Abundance,Invasive Species,Invasion of non-native plant into grassland,Biotic,Terrestrial,Consumer,Producer,Experimental,1095,310,185,55,25,16,16,220,100,48400,10000,0.597,-0.516,0.207,-1.577,-1.061
71,262,Simao et al. 2010,Diversity,Invasive Species,Invasion of non-native plant into grassland,Biotic,Terrestrial,Consumer,Producer,Experimental,1095,38.5,33,2.5,1.5,16,16,10,6,100,36,0.857,-0.154,0.36,-1.022,-0.868
72,263,Sjursen et al. 2005,Abundance,Temp. Increase,Experimental warming,Abiotic,Terrestrial,Producer,--,Experimental,4015,1.91,1.22,1.45,0.72,6,6,3.552,1.764,12.615,3.1104,0.639,-0.448,0.247,-1.4,-0.952
72,264,Sjursen et al. 2005,Abundance,Temp. Increase,Experimental warming,Abiotic,Terrestrial,Producer,--,Experimental,4015,0.8,1,0.4,0.37,6,6,0.98,0.906,0.96,0.8214,1.25,0.223,0.856,-0.156,-0.379
72,265,Sjursen et al. 2005,Abundance,Temp. Increase,Experimental warming,Abiotic,Terrestrial,Producer,--,Experimental,4015,0.4,0.37,0.32,0.51,6,6,0.784,1.249,0.6144,1.5606,0.925,-0.078,2.54,0.932,1.01
72,266,Sjursen et al. 2005,Abundance,Temp. Increase,Experimental warming,Abiotic,Terrestrial,Producer,--,Experimental,4015,0.23,0.21,0.16,0.15,6,6,0.392,0.367,0.1536,0.135,0.913,-0.091,0.879,-0.129,-0.038
72,267,Sjursen et al. 2005,Abundance,Temp. Increase,Experimental warming,Abiotic,Terrestrial,Producer,--,Experimental,4015,0.24,0.38,0.21,0.24,6,6,0.514,0.588,0.2646,0.3456,1.583,0.46,1.306,0.267,-0.192
72,268,Sjursen et al. 2005,Abundance,Temp. Increase,Experimental warming,Abiotic,Terrestrial,Producer,--,Experimental,4017,25.75,13.28,6.56,3.74,6,6,16.069,9.161,258.2016,83.9256,0.516,-0.662,0.325,-1.124,-0.462
72,269,Sjursen et al. 2005,Abundance,Temp. Increase,Experimental warming,Abiotic,Terrestrial,Producer,--,Experimental,4015,4.44,4.31,0.5,1.5,6,6,1.225,3.674,1.5,13.5,0.971,-0.03,9,2.197,2.227
72,270,Sjursen et al. 2005,Abundance,Temp. Increase,Experimental warming,Abiotic,Terrestrial,Producer,--,Experimental,4015,0.19,0.1,0.09,0.07,6,6,0.22,0.171,0.0486,0.0294,0.526,-0.642,0.605,-0.503,0.139
72,271,Sjursen et al. 2005,Abundance,Temp. Increase,Experimental warming,Abiotic,Terrestrial,Producer,--,Experimental,4015,0.28,0.35,0.17,0.16,6,6,0.416,0.392,0.1734,0.1536,1.25,0.223,0.886,-0.121,-0.344
72,272,Sjursen et al. 2005,Abundance,Temp. Increase,Experimental warming,Abiotic,Terrestrial,Producer,--,Experimental,4015,0.26,0.38,0.15,0.39,6,6,0.367,0.955,0.135,0.9126,1.462,0.379,6.76,1.911,1.532
72,273,Sjursen et al. 2005,Abundance,Temp. Increase,Experimental warming,Abiotic,Terrestrial,Producer,--,Experimental,1095,1.36,1.48,0.34,0.45,6,6,0.833,1.102,0.6936,1.215,1.088,0.085,1.752,0.561,0.476
72,274,Sjursen et al. 2005,Abundance,Temp. Increase,Experimental warming,Abiotic,Terrestrial,Producer,--,Experimental,1095,1.75,4.6,0.39,1.11,6,6,0.955,2.719,0.9126,7.3926,2.629,0.966,8.101,2.092,1.125
72,275,Sjursen et al. 2005,Abundance,Temp. Increase,Experimental warming,Abiotic,Terrestrial,Producer,--,Experimental,1095,0.44,0.78,0.26,0.31,6,6,0.637,0.759,0.4056,0.5766,1.773,0.573,1.422,0.352,-0.221
72,276,Sjursen et al. 2005,Abundance,Temp. Increase,Experimental warming,Abiotic,Terrestrial,Producer,--,Experimental,1095,0.91,0.97,0.27,0.31,6,6,0.661,0.759,0.4374,0.5766,1.066,0.064,1.318,0.276,0.212
72,277,Sjursen et al. 2005,Abundance,Temp. Increase,Experimental warming,Abiotic,Terrestrial,Producer,--,Experimental,1095,0.25,0.21,0.11,0.06,6,6,0.269,0.147,0.0726,0.0216,0.84,-0.174,0.298,-1.212,-1.038
73,278,Slade et al. 2011,Abundance,Habitat Disturbance,Logging,Abiotic,Terrestrial,Consumer,--,Observational,--,270,257.5,20,47.5,2,2,28.284,67.175,800,4512.5,0.954,-0.047,5.641,1.73,1.777
73,279,Slade et al. 2011,Diversity,Habitat Disturbance,Logging,Abiotic,Terrestrial,Consumer,--,Observational,--,21.5,20.5,1.5,1,2,2,2.121,1.414,4.5,2,0.953,-0.048,0.444,-0.811,-0.763
74,280,Staddon et al. 2010,Abundance,Habitat Disturbance,Fragmentation,Abiotic,Terrestrial,Consumer,--,Experimental,315,0.9,2,0.15,0.3,5,5,0.335,0.671,0.1125,0.45,2.222,0.799,4,1.386,0.588
74,281,Staddon et al. 2010,Abundance,Habitat Disturbance,Fragmentation,Abiotic,Terrestrial,Consumer,--,Experimental,315,1.4,0.5,0.01,0.05,5,5,0.022,0.112,0.0005,0.0125,0.357,-1.03,25,3.219,4.248
74,282,Staddon et al. 2010,Diversity,Habitat Disturbance,Habitat fragmentation,Abiotic,Terrestrial,Consumer,--,Experimental,315,19.5,17,1,1,5,5,2.236,2.236,5,5,0.872,-0.137,1,0,0.137
75,283,Stiers et al. 2011,Diversity,Invasive Species,Invasion by non-native plant species 1,Biotic,Aquatic,Producer,Producer,Observational,--,5.2,2.18,1.1,0.25,38,38,6.781,1.541,45.98,2.375,0.419,-0.869,0.052,-2.963,-2.094
75,284,Stiers et al. 2011,Diversity,Invasive Species,Invasion by non-native plant species 2,Biotic,Aquatic,Producer,Producer,Observational,--,6.8,3.1,0.6,0.4,41,41,3.842,2.561,14.76,6.56,0.456,-0.786,0.444,-0.811,-0.025
75,285,Stiers et al. 2011,Diversity,Invasive Species,Invasion by non-native plant species 3,Biotic,Aquatic,Producer,Producer,Observational,--,4,2.1,0.7,0.45,35,35,4.141,2.662,17.15,7.0875,0.525,-0.644,0.413,-0.884,-0.239
76,286,Stoll et al. 2006,Abundance,Habitat Disturbance,Fragmentation,Abiotic,Terrestrial,Producer,--,Experimental,1825,233,266.9,28.9,19.3,4,4,57.8,38.6,3340.84,1489.96,1.145,0.136,0.446,-0.807,-0.943
76,287,Stoll et al. 2006,Abundance,Habitat Disturbance,Fragmentation,Abiotic,Terrestrial,Producer,--,Experimental,1825,149,185.9,10.1,19.1,4,4,20.2,38.2,408.04,1459.24,1.248,0.221,3.576,1.274,1.053
76,288,Stoll et al. 2006,Abundance,Habitat Disturbance,Fragmentation,Abiotic,Terrestrial,Producer,--,Experimental,1825,264.6,257.5,17.8,23.4,4,4,35.6,46.8,1267.36,2190.24,0.973,-0.027,1.728,0.547,0.574
76,289,Stoll et al. 2006,Abundance,Habitat Disturbance,Fragmentation,Abiotic,Terrestrial,Consumer,--,Experimental,1825,3.28,3.25,0.43,0.5,4,4,0.86,1,0.7396,1,0.991,-0.009,1.352,0.302,0.311
76,290,Stoll et al. 2006,Abundance,Habitat Disturbance,Fragmentation,Abiotic,Terrestrial,Consumer,--,Experimental,1825,3.57,4.85,0.68,0.62,4,4,1.36,1.24,1.8496,1.5376,1.359,0.306,0.831,-0.185,-0.491
76,291,Stoll et al. 2006,Abundance,Habitat Disturbance,Fragmentation,Abiotic,Terrestrial,Consumer,--,Experimental,1825,5.25,6.3,0.52,0.5,4,4,1.04,1,1.0816,1,1.2,0.182,0.925,-0.078,-0.261
76,292,Stoll et al. 2006,Abundance,Habitat Disturbance,Fragmentation,Abiotic,Terrestrial,Consumer,--,Experimental,1825,0.59,1.25,0.2,0.65,4,4,0.4,1.3,0.16,1.69,2.119,0.751,10.563,2.357,1.607
76,293,Stoll et al. 2006,Abundance,Habitat Disturbance,Fragmentation,Abiotic,Terrestrial,Consumer,--,Experimental,1825,2.42,1.33,0.56,0.23,4,4,1.12,0.46,1.2544,0.2116,0.55,-0.599,0.169,-1.78,-1.181
76,294,Stoll et al. 2006,Abundance,Habitat Disturbance,Fragmentation,Abiotic,Terrestrial,Consumer,--,Experimental,1825,2.4,1.73,0.84,0.37,4,4,1.68,0.74,2.8224,0.5476,0.721,-0.327,0.194,-1.64,-1.312
76,295,Stoll et al. 2006,Diversity,Habitat Disturbance,Fragmentation,Abiotic,Terrestrial,Consumer,--,Experimental,1825,3.17,2.86,0.2,0.3,4,4,0.4,0.6,0.16,0.36,0.902,-0.103,2.25,0.811,0.914
76,296,Stoll et al. 2006,Diversity,Habitat Disturbance,Fragmentation,Abiotic,Terrestrial,Consumer,--,Experimental,1825,2.97,2.55,0.21,0.25,4,4,0.42,0.5,0.1764,0.25,0.859,-0.152,1.417,0.349,0.501
76,297,Stoll et al. 2006,Diversity,Habitat Disturbance,Fragmentation,Abiotic,Terrestrial,Consumer,--,Experimental,1825,3.07,2.62,0.1,0.26,4,4,0.2,0.52,0.04,0.2704,0.853,-0.159,6.76,1.911,2.07
76,298,Stoll et al. 2006,Diversity,Habitat Disturbance,Fragmentation,Abiotic,Terrestrial,Consumer,--,Experimental,1825,1.5,1.87,0.67,0.66,4,4,1.34,1.32,1.7956,1.7424,1.247,0.22,0.97,-0.03,-0.251
76,299,Stoll et al. 2006,Diversity,Habitat Disturbance,Fragmentation,Abiotic,Terrestrial,Consumer,--,Experimental,1825,3.57,2.74,0.36,0.59,4,4,0.72,1.18,0.5184,1.3924,0.768,-0.265,2.686,0.988,1.253
76,300,Stoll et al. 2006,Diversity,Habitat Disturbance,Fragmentation,Abiotic,Terrestrial,Consumer,--,Experimental,1825,2.8,2.85,0.51,0.29,4,4,1.02,0.58,1.0404,0.3364,1.018,0.018,0.323,-1.129,-1.147
77,301,Suding et al. 2006,Diversity,Species Removal,Removal of co-dominant species #1,Biotic,Terrestrial,Producer,Producer,Experimental,1460,10,10.25,0.4,1,5,5,0.894,2.236,0.8,5,1.025,0.025,6.25,1.833,1.808
77,302,Suding et al. 2006,Diversity,Species Removal,Removal of co-dominant species #2,Biotic,Terrestrial,Producer,Producer,Experimental,1460,10,14,0.4,1,5,5,0.894,2.236,0.8,5,1.4,0.336,6.25,1.833,1.496
78,303,Svensson et al. 2010,Diversity,Species Removal,Removal of gastropod species ,Biotic,Aquatic,Consumer,Consumer,Experimental,119,1,0.85,0.35,0.2,5,5,0.783,0.447,0.6125,0.2,0.85,-0.163,0.327,-1.119,-0.957
78,304,Svensson et al. 2010,Diversity,Species Removal,Removal of gastropod species ,Biotic,Aquatic,Producer,Consumer,Experimental,119,2.9,5.5,0.4,0.4,5,5,0.894,0.894,0.8,0.8,1.897,0.64,1,0,-0.64
78,305,Svensson et al. 2010,Diversity,Nutrient Addition,Fertilizer addition,Abiotic,Aquatic,Consumer,--,Experimental,119,1,1.58,0.375,0.18,5,5,0.839,0.402,0.703125,0.162,1.58,0.457,0.23,-1.468,-1.925
78,306,Svensson et al. 2010,Diversity,Nutrient Addition,Fertilizer addition,Abiotic,Aquatic,Producer,--,Experimental,119,2.9,6,0.4,0.3,5,5,0.894,0.671,0.8,0.45,2.069,0.727,0.563,-0.575,-1.302
79,307,Timsini et al. 2011,Diversity,Invasive Species,Invasion by non-native plant species ,Biotic,Terrestrial,Producer,Producer,Observational,--,5.1,5.6,0.19,0.2,30,30,1.041,1.095,1.083,1.2,1.098,0.094,1.108,0.103,0.009
80,308,Truscott et al. 2008,Diversity,Invasive Species,Invasion by non-native plant species,Biotic,Terrestrial,Producer,Producer,Experimental,120,13.2,14.7,0.8,0.9,15,15,3.098,3.486,9.6,12.15,1.114,0.108,1.266,0.236,0.128
81,309,Urcelay et al. 2009,Abundance,Species Removal,Removal of perrenial forbs,Biotic,Terrestrial,--,Producer,Experimental,870,132.24,89.49,20.02,27.87,6,6,49.039,68.267,2404.8024,4660.4214,0.677,-0.39,1.938,0.662,1.052
81,310,Urcelay et al. 2009,Abundance,Species Removal,Removal of annual forbs,Biotic,Terrestrial,--,Producer,Experimental,870,132.24,196.32,20.02,45.6,6,6,49.039,111.697,2404.8024,12476.16,1.485,0.395,5.188,1.646,1.251
81,311,Urcelay et al. 2009,Abundance,Species Removal,Removal of shrubs,Biotic,Terrestrial,--,Producer,Experimental,870,132.24,153.85,20.02,57.5,6,6,49.039,140.846,2404.8024,19837.5,1.163,0.151,8.249,2.11,1.959
81,312,Urcelay et al. 2009,Abundance,Species Removal,Removal of graminoids,Biotic,Terrestrial,--,Producer,Experimental,871,132.24,441.07,20.02,187.57,6,6,49.039,459.451,2404.8024,211095.0294,3.335,1.205,87.781,4.475,3.27
81,313,Urcelay et al. 2009,Diversity,Species Removal,Removal of perrenial forbs,Biotic,Terrestrial,--,Producer,Experimental,870,1.37,1.39,0.06,0.08,6,6,0.147,0.196,0.0216,0.0384,1.015,0.014,1.778,0.575,0.561
81,314,Urcelay et al. 2009,Diversity,Species Removal,Removal of annual forbs,Biotic,Terrestrial,--,Producer,Experimental,872,1.37,1.35,0.06,0.09,6,6,0.147,0.22,0.0216,0.0486,0.985,-0.015,2.25,0.811,0.826
81,315,Urcelay et al. 2009,Diversity,Species Removal,Removal of shrubs,Biotic,Terrestrial,--,Producer,Experimental,870,1.37,1.49,0.06,0.1,6,6,0.147,0.245,0.0216,0.06,1.088,0.084,2.778,1.022,0.938
81,316,Urcelay et al. 2009,Diversity,Species Removal,Removal of graminoids,Biotic,Terrestrial,--,Producer,Experimental,873,1.37,1.38,0.06,0.11,6,6,0.147,0.269,0.0216,0.0726,1.007,0.007,3.361,1.212,1.205
82,317,Usio et al. 2009,Diversity,Invasive Species,Invasion by non-native crayfish,Biotic,Aquatic,Consumer,Consumer,Experimental,60,22,13,2.5,0.5,5,5,5.59,1.118,31.25,1.25,0.591,-0.526,0.04,-3.219,-2.693
83,318,Valdivia and Thiel,,,,,,,,,,,,,,,,,,,,,,,,
83,319,Valdivia and Thiel,,,,,,,,,,,,,,,,,,,,,,,,
83,320,Valdivia and Thiel,,,,,,,,,,,,,,,,,,,,,,,,
83,321,Valdivia and Thiel,,,,,,,,,,,,,,,,,,,,,,,,
84,322,Walker and Thompson,,,,,,,,,,,,,,,,,,,,,,,,
84,323,Walker and Thompson,,,,,,,,,,,,,,,,,,,,,,,,
84,324,Walker and Thompson,,,,,,,,,,,,,,,,,,,,,,,,
84,325,Walker and Thompson,,,,,,,,,,,,,,,,,,,,,,,,
84,326,Walker and Thompson,,,,,,,,,,,,,,,,,,,,,,,,
84,327,Walker and Thompson,,,,,,,,,,,,,,,,,,,,,,,,
84,328,Walker and Thompson,,,,,,,,,,,,,,,,,,,,,,,,
84,329,Walker and Thompson,,,,,,,,,,,,,,,,,,,,,,,,
85,330,Wilson,,,,,,,,,,,,,,,,,,,,,,,,
85,331,Wilson,,,,,,,,,,,,,,,,,,,,,,,,
86,332,Wimp et al. 2010,Abundance,Nutrient Addition,Addition of nitrogen ,Abiotic,Terrestrial,Consumer,--,Experimental,60,2200,4200,200,600,14,14,748.331,2244.994,560000,5040000,1.909,0.647,9,2.197,1.551
86,333,Wimp et al. 2010,Diversity,Nutrient Addition,Addition of nitrogen ,Abiotic,Terrestrial,Consumer,--,Experimental,60,21.5,28.5,1,0.85,14,14,3.742,3.18,14,10.115,1.326,0.282,0.723,-0.325,-0.607
87,334,Worsfold et al. 2009,Abundance,Species Removal,Removal of large generalist predator (Stentor),Biotic,Aquatic,Consumer,Consumer,Experimental,56,82,73,48,18,6,6,117.576,44.091,13824,1944,0.89,-0.116,0.141,-1.962,-1.845
87,335,Worsfold et al. 2009,Abundance,Species Removal,Removal of small specialist predator (Didinium),Biotic,Aquatic,Consumer,Consumer,Experimental,56,530,1078,211,179,6,6,516.842,438.459,267126,192246,2.034,0.71,0.72,-0.329,-1.039
88,336,Xu et al. 2009,Abundance,Nutrient Addition,Nitrogen addition,Abiotic,Terrestrial,Consumer,--,Experimental,4380,1.02,0.18,0.58,0.15,5,5,1.297,0.335,1.682,0.1125,0.176,-1.735,0.067,-2.705,-0.97
88,337,Xu et al. 2009,Diversity,Nutrient Addition,Nitrogen addition,Abiotic,Terrestrial,Consumer,--,Experimental,4380,6.58,1.28,4.73,1.47,5,5,10.577,3.287,111.8645,10.8045,0.195,-1.637,0.097,-2.337,-0.7
89,338,Zaller and Arnone,,,,,,,,,,,,,,,,,,,,,,,,
89,339,Zaller and Arnone,,,,,,,,,,,,,,,,,,,,,,,,
90,340,Zartman,,,,,,,,,,,,,,,,,,,,,,,,
90,341,Zartman,,,,,,,,,,,,,,,,,,,,,,,,
91,342,Zaviezo et al. 2006,Abundance,Habitat Disturbance,Habitat fragmentaion,Abiotic,Terrestrial,Consumer,--,Experimental,49,0.01,0.07,0.01,0.02,10,10,0.032,0.063,0.001,0.004,7,1.946,4,1.386,-0.56
91,343,Zaviezo et al. 2006,Abundance,Habitat Disturbance,Habitat fragmentaion,Abiotic,Terrestrial,Consumer,--,Experimental,49,0.02,0.19,0.001,0.11,10,10,0.003,0.348,0.00001,0.121,9.5,2.251,12100,9.401,7.15
91,344,Zaviezo et al. 2006,Abundance,Habitat Disturbance,Habitat fragmentaion,Abiotic,Terrestrial,Consumer,--,Experimental,49,0.19,0.68,0.05,0.15,10,10,0.158,0.474,0.025,0.225,3.579,1.275,9,2.197,0.922
91,345,Zaviezo et al. 2006,Diversity,Habitat Disturbance,Habitat fragmentation,Abiotic,Terrestrial,Consumer,--,Experimental,49,0.13,0.48,0.03,0.04,10,10,0.095,0.126,0.009,0.016,3.692,1.306,1.778,0.575,-0.731
